Day,Henry Hub Natural Gas Spot Price Dollars per Million Btu
1/7/97,3.82
1/8/97,3.8
1/9/97,3.61
1/10/97,3.92
1/13/97,4
1/14/97,4.01
1/15/97,4.34
1/16/97,4.71
1/17/97,3.91
1/20/97,3.26
1/21/97,2.99
1/22/97,3.05
1/23/97,2.96
1/24/97,2.62
1/27/97,2.98
1/28/97,3.05
1/29/97,2.91
1/30/97,2.86
1/31/97,2.77
2/3/97,2.49
2/4/97,2.59
2/5/97,2.65
2/6/97,2.51
2/7/97,2.39
2/10/97,2.42
2/11/97,2.34
2/12/97,2.42
2/13/97,2.22
2/14/97,2.12
2/18/97,1.84
2/19/97,1.95
2/20/97,1.92
2/21/97,1.92
2/24/97,1.92
2/25/97,1.77
2/26/97,1.81
2/27/97,1.8
2/28/97,1.78
3/3/97,1.8
3/4/97,1.87
3/5/97,1.92
3/6/97,1.82
3/7/97,1.89
3/10/97,1.95
3/11/97,1.92
3/12/97,1.96
3/13/97,1.98
3/14/97,1.97
3/17/97,2.01
3/18/97,1.91
3/19/97,1.88
3/20/97,1.88
3/21/97,1.87
3/24/97,1.8
3/25/97,1.85
3/26/97,1.85
3/27/97,1.84
3/31/97,1.84
4/1/97,1.95
4/2/97,1.85
4/3/97,1.87
4/4/97,1.91
4/7/97,1.99
4/8/97,2.01
4/9/97,1.96
4/10/97,1.97
4/11/97,1.98
4/14/97,2
4/15/97,2
4/16/97,2.02
4/17/97,2.08
4/18/97,2.1
4/21/97,2.09
4/22/97,2.1
4/23/97,2.22
4/24/97,2.11
4/25/97,2.16
4/28/97,2.1
4/29/97,2.09
4/30/97,2.16
5/1/97,2.19
5/2/97,2.21
5/5/97,2.23
5/6/97,2.25
5/7/97,2.34
5/8/97,2.33
5/9/97,2.3
5/12/97,2.27
5/13/97,2.18
5/14/97,2.22
5/15/97,2.25
5/16/97,2.19
5/19/97,2.25
5/20/97,2.22
5/21/97,2.21
5/22/97,2.22
5/23/97,2.2
5/27/97,2.29
5/28/97,2.34
5/29/97,2.29
5/30/97,2.23
6/2/97,2.2
6/3/97,2.11
6/4/97,2.19
6/5/97,2.18
6/6/97,2.19
6/9/97,2.19
6/10/97,2.16
6/11/97,2.16
6/12/97,2.14
6/13/97,2.15
6/16/97,2.2
6/17/97,2.2
6/18/97,2.22
6/19/97,2.23
6/20/97,2.25
6/23/97,2.29
6/24/97,2.32
6/25/97,2.32
6/26/97,2.23
6/27/97,2.17
6/30/97,2.17
7/1/97,2.16
7/2/97,2.14
7/3/97,2.11
7/7/97,2.13
7/8/97,2.13
7/9/97,2.16
7/10/97,2.15
7/11/97,2.16
7/14/97,2.18
7/15/97,2.21
7/16/97,2.24
7/17/97,2.29
7/18/97,2.26
7/21/97,2.17
7/22/97,2.18
7/23/97,2.2
7/24/97,2.24
7/25/97,2.22
7/28/97,2.19
7/29/97,2.23
7/30/97,2.19
7/31/97,2.23
8/1/97,2.24
8/4/97,2.26
8/5/97,2.33
8/6/97,2.38
8/7/97,2.5
8/8/97,2.38
8/11/97,2.53
8/12/97,2.56
8/13/97,2.45
8/14/97,2.57
8/15/97,2.53
8/18/97,2.56
8/19/97,2.61
8/20/97,2.62
8/21/97,2.45
8/22/97,2.47
8/25/97,2.53
8/26/97,2.58
8/27/97,2.51
8/28/97,2.57
8/29/97,2.69
9/2/97,2.82
9/3/97,2.86
9/4/97,2.73
9/5/97,2.67
9/8/97,2.67
9/9/97,2.74
9/10/97,2.74
9/11/97,2.78
9/12/97,2.86
9/15/97,2.88
9/16/97,2.83
9/17/97,2.75
9/18/97,2.84
9/19/97,2.94
9/22/97,2.98
9/23/97,3.09
9/24/97,3.03
9/25/97,3.05
9/26/97,3.24
9/29/97,3.09
9/30/97,2.96
10/1/97,3.08
10/2/97,2.97
10/3/97,2.91
10/6/97,2.96
10/7/97,2.81
10/8/97,2.8
10/9/97,2.8
10/10/97,2.78
10/13/97,2.87
10/14/97,2.84
10/15/97,2.84
10/16/97,2.94
10/17/97,2.97
10/20/97,3.05
10/21/97,3.13
10/22/97,3.24
10/23/97,3.34
10/24/97,3.29
10/27/97,3.46
10/28/97,3.61
10/29/97,3.45
10/30/97,3.34
10/31/97,3.22
11/3/97,3.23
11/4/97,3.15
11/5/97,3.18
11/6/97,3.2
11/7/97,3.05
11/10/97,3.2
11/11/97,3.26
11/12/97,3.28
11/13/97,3.27
11/14/97,3.25
11/17/97,3.1
11/18/97,3
11/19/97,2.97
11/20/97,2.77
11/21/97,2.59
11/24/97,2.63
11/25/97,2.51
11/26/97,2.5
12/1/97,2.52
12/2/97,2.61
12/3/97,2.53
12/4/97,2.48
12/5/97,2.42
12/8/97,2.3
12/9/97,2.35
12/10/97,2.45
12/11/97,2.3
12/12/97,2.3
12/15/97,2.25
12/16/97,2.29
12/17/97,2.38
12/18/97,2.37
12/19/97,2.39
12/22/97,2.36
12/23/97,2.24
12/24/97,2.06
12/26/97,2.18
12/29/97,2.33
12/30/97,2.27
12/31/97,2.27
1/2/98,2.16
1/5/98,2.05
1/6/98,2.16
1/7/98,2.13
1/8/98,2.11
1/9/98,2.09
1/12/98,2.01
1/13/98,2.03
1/14/98,2.05
1/15/98,2.07
1/16/98,2.11
1/20/98,2.12
1/21/98,2.09
1/22/98,2.1
1/23/98,2.14
1/26/98,2.09
1/27/98,2.06
1/28/98,2.09
1/29/98,2.07
1/30/98,2.09
2/2/98,2.23
2/3/98,2.27
2/4/98,2.23
2/5/98,2.31
2/6/98,2.35
2/9/98,2.25
2/10/98,2.18
2/11/98,2.21
2/12/98,2.2
2/13/98,2.22
2/17/98,2.18
2/18/98,2.19
2/19/98,2.22
2/20/98,2.2
2/23/98,2.2
2/24/98,2.19
2/25/98,2.21
2/26/98,2.28
2/27/98,2.23
3/2/98,2.26
3/3/98,2.24
3/4/98,2.19
3/5/98,2.12
3/6/98,2.1
3/9/98,2.17
3/10/98,2.25
3/11/98,2.25
3/12/98,2.23
3/13/98,2.21
3/16/98,2.2
3/17/98,2.2
3/18/98,2.21
3/19/98,2.25
3/20/98,2.28
3/23/98,2.33
3/24/98,2.29
3/25/98,2.33
3/26/98,2.29
3/27/98,2.26
3/30/98,2.32
3/31/98,2.34
4/1/98,2.45
4/2/98,2.43
4/3/98,2.51
4/6/98,2.51
4/7/98,2.51
4/8/98,2.65
4/9/98,2.61
4/13/98,2.52
4/14/98,2.42
4/15/98,2.48
4/16/98,2.48
4/17/98,2.4
4/20/98,2.4
4/21/98,2.46
4/22/98,2.46
4/23/98,2.35
4/24/98,2.31
4/27/98,2.29
4/28/98,2.27
4/29/98,2.29
4/30/98,2.18
5/1/98,2.11
5/4/98,2.1
5/5/98,2.19
5/6/98,2.12
5/7/98,2.16
5/8/98,2.11
5/11/98,2.19
5/12/98,2.23
5/13/98,2.24
5/14/98,2.18
5/15/98,2.18
5/18/98,2.19
5/19/98,2.17
5/20/98,2.18
5/21/98,2.11
5/22/98,2.02
5/26/98,2.1
5/27/98,2.1
5/28/98,2.04
5/29/98,2.1
6/1/98,2.1
6/2/98,2.2
6/3/98,2.13
6/4/98,2.04
6/5/98,2.01
6/8/98,2
6/9/98,2.01
6/10/98,1.98
6/11/98,1.99
6/12/98,2.01
6/15/98,2.08
6/16/98,2.1
6/17/98,2.05
6/18/98,2.14
6/19/98,2.2
6/22/98,2.35
6/23/98,2.35
6/24/98,2.4
6/25/98,2.39
6/26/98,2.4
6/29/98,2.36
6/30/98,2.39
7/1/98,2.46
7/2/98,2.36
7/6/98,2.38
7/7/98,2.35
7/8/98,2.39
7/9/98,2.38
7/10/98,2.32
7/13/98,2.3
7/14/98,2.23
7/15/98,2.21
7/16/98,2.15
7/17/98,2.15
7/20/98,2.18
7/21/98,2.09
7/22/98,2
7/23/98,2
7/24/98,1.97
7/27/98,2
7/28/98,1.97
7/29/98,1.99
7/30/98,1.95
7/31/98,1.85
8/3/98,1.84
8/4/98,1.9
8/5/98,1.91
8/6/98,1.85
8/7/98,1.82
8/10/98,1.87
8/11/98,1.87
8/12/98,1.85
8/13/98,1.83
8/14/98,1.83
8/17/98,1.93
8/18/98,1.94
8/19/98,1.96
8/20/98,1.9
8/21/98,1.93
8/24/98,1.9
8/25/98,1.89
8/26/98,1.83
8/27/98,1.76
8/28/98,1.66
8/31/98,1.61
9/1/98,1.84
9/2/98,1.72
9/3/98,1.71
9/4/98,1.71
9/8/98,1.81
9/9/98,1.78
9/10/98,1.88
9/11/98,1.86
9/14/98,1.86
9/15/98,1.94
9/16/98,2.15
9/17/98,2.12
9/18/98,2.27
9/21/98,2.18
9/22/98,2.29
9/23/98,2.19
9/24/98,2.17
9/25/98,2.38
9/28/98,2.23
9/29/98,2.06
9/30/98,2.22
10/1/98,2.33
10/2/98,2.14
10/5/98,2.09
10/6/98,2.01
10/7/98,2.05
10/8/98,2.02
10/9/98,1.8
10/12/98,1.75
10/13/98,1.7
10/14/98,1.8
10/15/98,1.75
10/16/98,1.64
10/19/98,1.74
10/20/98,1.95
10/21/98,2.04
10/22/98,1.95
10/23/98,1.84
10/26/98,1.92
10/27/98,1.85
10/28/98,1.7
10/29/98,2
10/30/98,2
11/2/98,1.84
11/3/98,2.1
11/4/98,2.11
11/5/98,2.26
11/6/98,2.25
11/9/98,2.28
11/10/98,2.3
11/11/98,2.33
11/12/98,2.21
11/13/98,2.21
11/16/98,2.19
11/17/98,2.12
11/18/98,2.1
11/19/98,2.1
11/20/98,2.07
11/23/98,2.02
11/24/98,2.08
11/25/98,2.13
11/30/98,1.63
12/1/98,1.41
12/2/98,1.4
12/3/98,1.21
12/4/98,1.05
12/7/98,1.44
12/8/98,1.79
12/9/98,1.64
12/10/98,1.59
12/11/98,1.55
12/14/98,1.8
12/15/98,1.86
12/16/98,1.95
12/17/98,2.02
12/18/98,2.02
12/21/98,2.05
12/22/98,1.96
12/23/98,1.88
12/24/98,1.89
12/28/98,1.79
12/29/98,1.82
12/30/98,1.81
12/31/98,1.95
1/4/99,2.1
1/5/99,2.05
1/6/99,2.04
1/7/99,1.91
1/8/99,1.9
1/11/99,1.83
1/12/99,1.82
1/13/99,1.87
1/14/99,1.77
1/15/99,1.78
1/19/99,1.77
1/20/99,1.81
1/21/99,1.85
1/22/99,1.82
1/25/99,1.76
1/26/99,1.73
1/27/99,1.75
1/28/99,1.75
1/29/99,1.83
2/1/99,1.75
2/2/99,1.78
2/3/99,1.8
2/4/99,1.79
2/5/99,1.81
2/8/99,1.81
2/9/99,1.82
2/10/99,1.8
2/11/99,1.78
2/12/99,1.82
2/16/99,1.79
2/17/99,1.79
2/18/99,1.8
2/19/99,1.79
2/22/99,1.77
2/23/99,1.75
2/24/99,1.73
2/25/99,1.64
2/26/99,1.63
3/1/99,1.65
3/2/99,1.67
3/3/99,1.68
3/4/99,1.72
3/5/99,1.74
3/8/99,1.87
3/9/99,1.86
3/10/99,1.94
3/11/99,1.87
3/12/99,1.81
3/15/99,1.75
3/16/99,1.75
3/17/99,1.75
3/18/99,1.75
3/19/99,1.73
3/22/99,1.74
3/23/99,1.8
3/24/99,1.79
3/25/99,1.8
3/26/99,1.83
3/29/99,1.8
3/30/99,1.89
3/31/99,2.02
4/1/99,1.95
4/5/99,2.03
4/6/99,1.98
4/7/99,2.03
4/8/99,2.07
4/9/99,2.1
4/12/99,2.06
4/13/99,2.14
4/14/99,2.11
4/15/99,2.14
4/16/99,2.14
4/19/99,2.1
4/20/99,2.18
4/21/99,2.17
4/22/99,2.24
4/23/99,2.23
4/26/99,2.23
4/27/99,2.32
4/28/99,2.31
4/29/99,2.37
4/30/99,2.25
5/3/99,2.23
5/4/99,2.32
5/5/99,2.36
5/6/99,2.32
5/7/99,2.25
5/10/99,2.25
5/11/99,2.29
5/12/99,2.19
5/13/99,2.21
5/14/99,2.28
5/17/99,2.31
5/18/99,2.3
5/19/99,2.27
5/20/99,2.26
5/21/99,2.21
5/24/99,2.19
5/25/99,2.18
5/26/99,2.22
5/27/99,2.27
5/28/99,2.29
6/1/99,2.34
6/2/99,2.36
6/3/99,2.35
6/4/99,2.31
6/7/99,2.41
6/8/99,2.38
6/9/99,2.39
6/10/99,2.37
6/11/99,2.3
6/14/99,2.29
6/15/99,2.28
6/16/99,2.28
6/17/99,2.24
6/18/99,2.24
6/21/99,2.22
6/22/99,2.23
6/23/99,2.25
6/24/99,2.26
6/25/99,2.27
6/28/99,2.25
6/29/99,2.33
6/30/99,2.34
7/1/99,2.29
7/2/99,2.26
7/6/99,2.29
7/7/99,2.2
7/8/99,2.19
7/9/99,2.17
7/12/99,2.12
7/13/99,2.14
7/14/99,2.16
7/15/99,2.12
7/16/99,2.18
7/19/99,2.2
7/20/99,2.24
7/21/99,2.25
7/22/99,2.32
7/23/99,2.42
7/26/99,2.55
7/27/99,2.55
7/28/99,2.58
7/29/99,2.67
7/30/99,2.55
8/2/99,2.51
8/3/99,2.61
8/4/99,2.64
8/5/99,2.69
8/6/99,2.69
8/9/99,2.73
8/10/99,2.77
8/11/99,2.79
8/12/99,2.73
8/13/99,2.71
8/16/99,2.73
8/17/99,2.7
8/18/99,2.75
8/19/99,2.87
8/20/99,2.97
8/23/99,2.95
8/24/99,3.01
8/25/99,3.1
8/26/99,2.97
8/27/99,2.87
8/30/99,2.85
8/31/99,2.84
9/1/99,2.71
9/2/99,2.56
9/3/99,2.47
9/7/99,2.56
9/8/99,2.66
9/9/99,2.75
9/10/99,2.84
9/13/99,2.8
9/14/99,2.66
9/15/99,2.52
9/16/99,2.47
9/17/99,2.45
9/20/99,2.49
9/21/99,2.33
9/22/99,2.3
9/23/99,2.45
9/24/99,2.54
9/27/99,2.51
9/28/99,2.52
9/29/99,2.57
9/30/99,2.31
10/1/99,2.39
10/4/99,2.49
10/5/99,2.45
10/6/99,2.48
10/7/99,2.49
10/8/99,2.35
10/11/99,2.53
10/12/99,2.65
10/13/99,2.81
10/14/99,2.7
10/15/99,2.66
10/18/99,2.82
10/19/99,2.89
10/20/99,2.9
10/21/99,2.99
10/22/99,3
10/25/99,2.98
10/26/99,2.96
10/27/99,3.02
10/28/99,2.97
10/29/99,2.76
11/1/99,2.73
11/2/99,2.81
11/3/99,2.82
11/4/99,2.75
11/5/99,2.62
11/8/99,2.59
11/9/99,2.44
11/10/99,2.39
11/11/99,2.38
11/12/99,2.16
11/15/99,2.33
11/16/99,2.23
11/17/99,2.24
11/18/99,2.22
11/19/99,2.16
11/22/99,2.05
11/23/99,1.99
11/24/99,1.96
11/29/99,2.25
11/30/99,2.22
12/1/99,2.17
12/2/99,2.18
12/3/99,2.16
12/6/99,2.19
12/7/99,2.16
12/8/99,2.23
12/9/99,2.2
12/10/99,2.27
12/13/99,2.35
12/14/99,2.49
12/15/99,2.54
12/16/99,2.52
12/17/99,2.55
12/20/99,2.67
12/21/99,2.59
12/22/99,2.45
12/23/99,2.42
12/27/99,2.36
12/28/99,2.32
12/29/99,2.34
12/30/99,2.3
1/4/00,2.16
1/5/00,2.17
1/6/00,2.18
1/7/00,2.19
1/10/00,2.2
1/11/00,2.23
1/12/00,2.25
1/13/00,2.29
1/14/00,2.28
1/18/00,2.35
1/19/00,2.4
1/20/00,2.53
1/21/00,2.55
1/24/00,2.55
1/25/00,2.66
1/26/00,2.73
1/27/00,2.76
1/28/00,2.84
1/31/00,2.69
2/1/00,2.81
2/2/00,2.91
2/3/00,2.85
2/4/00,2.78
2/7/00,2.81
2/8/00,2.6
2/9/00,2.62
2/10/00,2.65
2/11/00,2.65
2/14/00,2.61
2/15/00,2.61
2/16/00,2.65
2/17/00,2.66
2/18/00,2.65
2/22/00,2.55
2/23/00,2.5
2/24/00,2.52
2/25/00,2.51
2/28/00,2.6
2/29/00,2.65
3/1/00,2.71
3/2/00,2.8
3/3/00,2.72
3/6/00,2.76
3/7/00,2.78
3/8/00,2.74
3/9/00,2.69
3/13/00,2.79
3/14/00,2.83
3/15/00,2.76
3/16/00,2.84
3/17/00,2.81
3/20/00,2.73
3/21/00,2.74
3/22/00,2.78
3/23/00,2.76
3/24/00,2.82
3/27/00,2.82
3/28/00,2.94
3/29/00,2.92
3/30/00,2.83
3/31/00,2.88
4/3/00,2.92
4/4/00,2.87
4/5/00,2.86
4/6/00,2.98
4/7/00,2.99
4/10/00,2.97
4/11/00,2.98
4/12/00,3.05
4/13/00,3.05
4/14/00,3.11
4/17/00,3.13
4/18/00,3.12
4/19/00,3.12
4/20/00,3.07
4/24/00,3.12
4/25/00,3.18
4/26/00,3.12
4/27/00,3.06
4/28/00,3.09
5/1/00,3.16
5/2/00,3.2
5/3/00,3.18
5/4/00,3.09
5/5/00,3.11
5/8/00,3.12
5/9/00,3.25
5/10/00,3.2
5/11/00,3.37
5/12/00,3.35
5/15/00,3.37
5/16/00,3.45
5/17/00,3.49
5/18/00,3.73
5/19/00,3.76
5/22/00,3.95
5/23/00,3.85
5/24/00,3.94
5/25/00,4.18
5/26/00,4.29
5/30/00,4.35
5/31/00,4.52
6/1/00,4.39
6/2/00,4.21
6/5/00,4.17
6/6/00,4.48
6/7/00,4.23
6/8/00,3.96
6/9/00,4.14
6/12/00,4.22
6/13/00,4.27
6/14/00,4.16
6/15/00,4.38
6/16/00,4.45
6/19/00,4.38
6/20/00,4.02
6/21/00,4.14
6/22/00,4.44
6/23/00,4.42
6/26/00,4.37
6/27/00,4.55
6/28/00,4.44
6/29/00,4.25
6/30/00,4.36
7/3/00,4.36
7/5/00,4.24
7/6/00,4.02
7/7/00,4
7/10/00,4.19
7/11/00,4.17
7/12/00,4.29
7/13/00,4.08
7/14/00,4.17
7/17/00,4.13
7/18/00,3.99
7/19/00,4.07
7/20/00,3.86
7/21/00,3.88
7/24/00,3.74
7/25/00,3.63
7/26/00,3.59
7/27/00,3.75
7/28/00,3.89
7/31/00,3.75
8/1/00,3.78
8/2/00,4.05
8/3/00,4.23
8/4/00,4.25
8/7/00,4.39
8/8/00,4.46
8/9/00,4.48
8/10/00,4.43
8/11/00,4.44
8/14/00,4.42
8/15/00,4.24
8/16/00,4.24
8/17/00,4.35
8/18/00,4.38
8/21/00,4.6
8/22/00,4.8
8/23/00,4.67
8/24/00,4.53
8/25/00,4.55
8/28/00,4.62
8/29/00,4.6
8/30/00,4.61
8/31/00,4.76
9/1/00,4.7
9/5/00,4.81
9/6/00,4.89
9/7/00,4.85
9/8/00,4.74
9/11/00,4.85
9/12/00,4.96
9/13/00,5.06
9/14/00,5.1
9/15/00,5.28
9/18/00,5.06
9/19/00,5.22
9/20/00,5.24
9/21/00,5.16
9/22/00,5.16
9/25/00,5.12
9/26/00,5.28
9/27/00,5.34
9/28/00,5.2
9/29/00,5.1
10/2/00,5.24
10/3/00,5.29
10/4/00,5.22
10/5/00,5.21
10/6/00,5.04
10/9/00,5.09
10/10/00,5.16
10/11/00,5.1
10/12/00,5.54
10/13/00,5.43
10/16/00,5.34
10/17/00,5.27
10/18/00,5.36
10/19/00,5.04
10/20/00,4.84
10/23/00,4.82
10/24/00,4.84
10/25/00,4.64
10/26/00,4.61
10/27/00,4.48
10/30/00,4.56
10/31/00,4.37
11/1/00,4.4
11/2/00,4.5
11/3/00,4.64
11/6/00,4.6
11/7/00,4.68
11/8/00,4.92
11/9/00,5.34
11/10/00,5.24
11/13/00,5.59
11/14/00,5.81
11/15/00,5.95
11/16/00,5.94
11/17/00,5.62
11/20/00,6.23
11/21/00,6.35
11/22/00,6.3
11/27/00,6.24
11/28/00,5.9
11/29/00,5.93
11/30/00,6.31
12/1/00,6.53
12/4/00,7.41
12/5/00,8.03
12/6/00,8.75
12/7/00,8.48
12/8/00,8.13
12/11/00,9.96
12/12/00,8.58
12/13/00,7.8
12/14/00,7.48
12/15/00,8.03
12/18/00,9.28
12/19/00,9.11
12/20/00,9.95
12/21/00,10.49
12/22/00,10.48
12/26/00,10.23
12/27/00,9.58
12/28/00,9.22
12/29/00,10.48
1/2/01,9.97
1/3/01,9.71
1/4/01,9.45
1/5/01,10.03
1/8/01,10.31
1/9/01,9.95
1/10/01,9.91
1/11/01,8.95
1/12/01,8.75
1/16/01,8.16
1/17/01,7.85
1/18/01,7.09
1/19/01,7.61
1/22/01,7.7
1/23/01,7.02
1/24/01,6.81
1/25/01,6.81
1/26/01,7
1/29/01,6.76
1/30/01,5.96
1/31/01,5.83
2/1/01,5.82
2/2/01,6.76
2/5/01,6.15
2/6/01,5.59
2/7/01,5.67
2/8/01,6.24
2/9/01,6.24
2/12/01,5.74
2/13/01,5.58
2/14/01,5.89
2/15/01,5.35
2/16/01,5.57
2/20/01,5.17
2/21/01,5.2
2/22/01,5.11
2/23/01,5.05
2/26/01,5.07
2/27/01,5.07
2/28/01,5.25
3/1/01,5.25
3/2/01,5.06
3/5/01,5.32
3/6/01,5.27
3/7/01,5.22
3/8/01,5.25
3/9/01,5.13
3/12/01,4.98
3/13/01,5.08
3/14/01,4.99
3/15/01,5.27
3/16/01,5.27
3/19/01,5.27
3/20/01,5.27
3/21/01,5.16
3/22/01,5.16
3/23/01,5.16
3/26/01,5.23
3/27/01,5.47
3/28/01,5.6
3/29/01,5.31
3/30/01,5.35
4/2/01,5.25
4/3/01,5.25
4/4/01,5.24
4/5/01,5.27
4/6/01,5.33
4/9/01,5.45
4/10/01,5.55
4/11/01,5.45
4/12/01,5.32
4/16/01,5.48
4/17/01,5.36
4/18/01,5.15
4/19/01,5.06
4/20/01,5
4/23/01,5.09
4/24/01,5.13
4/25/01,4.98
4/26/01,4.92
4/27/01,4.83
4/30/01,4.73
5/1/01,4.55
5/2/01,4.54
5/3/01,4.46
5/4/01,4.5
5/7/01,4.33
5/8/01,4.22
5/9/01,4.15
5/10/01,4.17
5/11/01,4.25
5/14/01,4.28
5/15/01,4.46
5/16/01,4.46
5/17/01,4.2
5/18/01,4.15
5/21/01,4.14
5/22/01,4.04
5/23/01,4.11
5/24/01,4.12
5/25/01,3.83
5/29/01,3.86
5/30/01,3.66
5/31/01,3.73
6/1/01,3.7
6/4/01,3.98
6/5/01,3.93
6/6/01,3.76
6/7/01,3.68
6/8/01,3.62
6/11/01,3.91
6/12/01,4.05
6/13/01,4.13
6/14/01,3.92
6/15/01,3.86
6/18/01,3.91
6/19/01,3.96
6/20/01,3.83
6/21/01,3.69
6/22/01,3.68
6/25/01,3.56
6/26/01,3.46
6/27/01,3.39
6/28/01,3.2
6/29/01,2.91
7/2/01,2.92
7/3/01,3
7/5/01,3.09
7/6/01,2.99
7/9/01,3.1
7/10/01,3.2
7/11/01,3.21
7/12/01,3.29
7/13/01,3.15
7/16/01,3.08
7/17/01,3.14
7/18/01,3.15
7/19/01,3.01
7/20/01,2.97
7/23/01,3.02
7/24/01,3
7/25/01,3.06
7/26/01,3.26
7/27/01,3.06
7/30/01,3.28
7/31/01,3.31
8/1/01,3.27
8/2/01,3.15
8/3/01,3.06
8/6/01,3.07
8/7/01,3.16
8/8/01,3.11
8/9/01,3.1
8/10/01,2.99
8/13/01,3
8/14/01,3.05
8/15/01,3.15
8/16/01,3.46
8/17/01,3.24
8/20/01,3.17
8/21/01,3.18
8/22/01,3.2
8/23/01,2.87
8/24/01,2.77
8/27/01,2.61
8/28/01,2.57
8/29/01,2.46
8/30/01,2.47
8/31/01,2.15
9/4/01,2.23
9/5/01,2.34
9/6/01,2.43
9/7/01,2.36
9/10/01,2.38
9/11/01,2.38
9/12/01,2.44
9/13/01,2.39
9/14/01,2.41
9/17/01,2.36
9/18/01,2.18
9/19/01,2.13
9/20/01,2.06
9/21/01,2.04
9/24/01,1.99
9/25/01,1.94
9/26/01,1.88
9/27/01,1.9
9/28/01,1.8
10/1/01,1.74
10/2/01,1.83
10/3/01,1.97
10/4/01,2.13
10/5/01,2.11
10/8/01,2.02
10/9/01,2.11
10/10/01,2.22
10/11/01,2.41
10/12/01,2.28
10/15/01,2.26
10/16/01,2.51
10/17/01,2.61
10/18/01,2.39
10/19/01,2.31
10/22/01,2.61
10/23/01,2.82
10/24/01,2.67
10/25/01,3.15
10/26/01,3.06
10/29/01,3.21
10/30/01,3.11
10/31/01,3.07
11/1/01,2.99
11/2/01,2.93
11/5/01,2.87
11/6/01,2.72
11/7/01,2.73
11/8/01,2.68
11/9/01,2.61
11/12/01,2.45
11/13/01,2.38
11/14/01,2.29
11/15/01,1.99
11/16/01,1.69
11/19/01,2.08
11/20/01,2.55
11/21/01,1.91
11/26/01,1.79
11/27/01,1.87
11/28/01,2.3
11/29/01,2.19
11/30/01,1.83
12/3/01,2.1
12/4/01,2
12/5/01,1.89
12/6/01,1.81
12/7/01,2.11
12/10/01,2.28
12/11/01,2.58
12/12/01,2.57
12/13/01,2.4
12/14/01,2.4
12/17/01,2.4
12/18/01,2.4
12/19/01,2.4
12/20/01,2.4
12/21/01,2.4
12/26/01,2.4
12/27/01,2.4
12/28/01,2.4
12/31/01,2.4
1/2/02,2.55
1/3/02,2.58
1/4/02,2.58
1/7/02,2.58
1/8/02,2.39
1/9/02,2.31
1/10/02,2.32
1/11/02,2.32
1/14/02,2.32
1/15/02,2.32
1/16/02,2.38
1/17/02,2.4
1/18/02,2.28
1/22/02,2.28
1/23/02,2.28
1/24/02,2.13
1/25/02,2.03
1/28/02,2.03
1/29/02,2.03
1/30/02,2.28
1/31/02,2.28
2/1/02,2.28
2/4/02,2.28
2/5/02,2.28
2/6/02,2.14
2/7/02,2.17
2/8/02,2.21
2/11/02,2.22
2/12/02,2.39
2/13/02,2.37
2/14/02,2.26
2/15/02,2.18
2/19/02,2.32
2/20/02,2.41
2/21/02,2.4
2/22/02,2.4
2/25/02,2.4
2/26/02,2.46
2/27/02,2.49
2/28/02,2.49
3/1/02,2.51
3/4/02,2.66
3/5/02,2.63
3/6/02,2.52
3/7/02,2.73
3/8/02,2.82
3/11/02,2.9
3/12/02,2.94
3/13/02,2.97
3/14/02,2.78
3/15/02,2.99
3/18/02,3.15
3/19/02,3.33
3/20/02,3.29
3/21/02,3.2
3/22/02,3.57
3/25/02,3.46
3/26/02,3.59
3/27/02,3.35
3/28/02,3.18
4/1/02,3.43
4/2/02,3.72
4/3/02,3.68
4/4/02,3.56
4/5/02,3.31
4/8/02,3.36
4/9/02,3.25
4/10/02,3.25
4/11/02,3.14
4/12/02,3.07
4/15/02,3.27
4/16/02,3.44
4/17/02,3.4
4/18/02,3.5
4/19/02,3.4
4/22/02,3.58
4/23/02,3.63
4/24/02,3.53
4/25/02,3.46
4/26/02,3.32
4/29/02,3.44
4/30/02,3.65
5/1/02,3.79
5/2/02,3.65
5/3/02,3.71
5/6/02,3.61
5/7/02,3.5
5/8/02,3.74
5/9/02,3.72
5/10/02,3.7
5/13/02,3.62
5/14/02,3.75
5/15/02,3.6
5/16/02,3.45
5/17/02,3.41
5/20/02,3.44
5/21/02,3.33
5/22/02,3.39
5/23/02,3.38
5/24/02,3.21
5/28/02,3.18
5/29/02,3.3
5/30/02,3.33
5/31/02,3.15
6/3/02,3.18
6/4/02,3.31
6/5/02,3.29
6/6/02,3.29
6/7/02,3.11
6/10/02,3.14
6/11/02,3.11
6/12/02,3.15
6/13/02,3.04
6/14/02,3.13
6/17/02,3.34
6/18/02,3.23
6/19/02,3.24
6/20/02,3.33
6/21/02,3.18
6/24/02,3.33
6/25/02,3.49
6/26/02,3.92
6/27/02,3.22
6/28/02,3.2
7/1/02,3.28
7/2/02,3.17
7/3/02,3.08
7/8/02,3.06
7/9/02,2.97
7/10/02,3.04
7/11/02,2.85
7/12/02,2.87
7/15/02,2.83
7/16/02,2.89
7/17/02,2.97
7/18/02,2.85
7/19/02,2.95
7/22/02,3.01
7/23/02,2.95
7/24/02,2.91
7/25/02,3.05
7/26/02,2.94
7/29/02,3.07
7/30/02,2.97
7/31/02,3.02
8/1/02,3.07
8/2/02,2.9
8/5/02,2.81
8/6/02,2.8
8/7/02,2.73
8/8/02,2.75
8/9/02,2.83
8/12/02,2.91
8/13/02,3.01
8/14/02,3.03
8/15/02,2.92
8/16/02,3.1
8/19/02,3.1
8/20/02,3.25
8/21/02,3.22
8/22/02,3.36
8/23/02,3.48
8/26/02,3.51
8/27/02,3.47
8/28/02,3.31
8/29/02,3.25
8/30/02,3.12
9/3/02,3.1
9/4/02,3.13
9/5/02,3.2
9/6/02,3.39
9/9/02,3.24
9/10/02,3.35
9/11/02,3.33
9/12/02,3.22
9/13/02,3.37
9/16/02,3.45
9/17/02,3.46
9/18/02,3.8
9/19/02,3.9
9/20/02,3.95
9/23/02,3.87
9/24/02,4
9/25/02,3.76
9/26/02,3.61
9/27/02,3.76
9/30/02,4.09
10/1/02,4.41
10/2/02,4.27
10/3/02,4.23
10/4/02,3.86
10/7/02,3.77
10/8/02,3.86
10/9/02,3.91
10/10/02,3.93
10/11/02,3.8
10/14/02,4.19
10/15/02,4.19
10/16/02,4.1
10/17/02,4.1
10/18/02,4.11
10/21/02,4.23
10/22/02,4.2
10/23/02,4.24
10/24/02,4.3
10/25/02,4.12
10/28/02,4.16
10/29/02,4.2
10/30/02,4.34
10/31/02,4.39
11/1/02,4.07
11/4/02,3.94
11/5/02,3.9
11/6/02,3.92
11/7/02,3.9
11/8/02,3.76
11/11/02,3.83
11/12/02,3.83
11/13/02,3.83
11/14/02,3.9
11/15/02,3.92
11/18/02,4.18
11/19/02,4.25
11/20/02,4.27
11/21/02,4.24
11/22/02,4.32
11/25/02,4.34
11/26/02,4.23
11/27/02,4.19
12/2/02,4.23
12/3/02,4.35
12/4/02,4.24
12/5/02,4.35
12/6/02,4.39
12/9/02,4.32
12/10/02,4.4
12/11/02,4.63
12/12/02,4.81
12/13/02,5.05
12/16/02,5.31
12/17/02,5.13
12/18/02,4.98
12/19/02,5.14
12/20/02,5.05
12/23/02,5.03
12/24/02,5.03
12/26/02,4.98
12/27/02,4.81
12/30/02,4.74
12/31/02,4.59
1/2/03,4.93
1/3/03,5.13
1/6/03,4.94
1/7/03,4.89
1/8/03,5.07
1/9/03,5.05
1/10/03,5.19
1/13/03,5.23
1/14/03,5.25
1/15/03,5.21
1/16/03,5.5
1/17/03,5.66
1/21/03,5.47
1/22/03,5.72
1/23/03,6.55
1/24/03,5.91
1/27/03,5.91
1/28/03,5.52
1/29/03,5.61
1/30/03,5.76
1/31/03,5.58
2/3/03,5.71
2/4/03,6.26
2/5/03,6.22
2/6/03,6.08
2/7/03,6.3
2/10/03,6.35
2/11/03,6.19
2/12/03,6.19
2/13/03,5.81
2/14/03,5.88
2/18/03,6.09
2/19/03,6.1
2/20/03,6.38
2/21/03,6.73
2/24/03,11.98
2/25/03,18.48
2/26/03,10.47
2/27/03,8.42
2/28/03,10.81
3/3/03,8.51
3/4/03,7.71
3/5/03,7.8
3/6/03,7.57
3/7/03,7.42
3/10/03,6.78
3/11/03,6.25
3/12/03,5.8
3/13/03,5.71
3/14/03,5.17
3/17/03,5.32
3/18/03,5.13
3/19/03,5.2
3/20/03,5.2
3/21/03,5.05
3/24/03,5.07
3/25/03,5.07
3/26/03,4.9
3/27/03,4.87
3/28/03,5.06
3/31/03,5.01
4/1/03,4.9
4/2/03,4.89
4/3/03,4.91
4/4/03,4.86
4/7/03,4.98
4/8/03,5.21
4/9/03,5.11
4/10/03,5.18
4/11/03,5.28
4/14/03,5.29
4/15/03,5.53
4/16/03,5.62
4/17/03,5.54
4/21/03,5.55
4/22/03,5.58
4/23/03,5.58
4/24/03,5.46
4/25/03,5.39
4/28/03,5.3
4/29/03,5.12
4/30/03,5.25
5/1/03,5.32
5/2/03,5.24
5/5/03,5.36
5/6/03,5.64
5/7/03,5.49
5/8/03,5.65
5/9/03,5.73
5/12/03,5.91
5/13/03,5.98
5/14/03,6.17
5/15/03,6.24
5/16/03,5.96
5/19/03,6.08
5/20/03,5.93
5/21/03,6.08
5/22/03,6.09
5/23/03,5.92
5/27/03,5.84
5/28/03,5.71
5/29/03,5.76
5/30/03,5.99
6/2/03,6.22
6/3/03,6.25
6/4/03,6.4
6/5/03,6.17
6/6/03,6.25
6/9/03,6.25
6/10/03,6.08
6/11/03,6.06
6/12/03,5.86
6/13/03,5.44
6/16/03,5.45
6/17/03,5.66
6/18/03,5.53
6/19/03,5.53
6/20/03,5.68
6/23/03,5.89
6/24/03,5.84
6/25/03,5.64
6/26/03,5.49
6/27/03,5.19
6/30/03,5.31
7/1/03,5.22
7/2/03,5.05
7/3/03,4.96
7/7/03,5.2
7/8/03,5.4
7/9/03,5.56
7/10/03,5.4
7/11/03,5.22
7/14/03,5.15
7/15/03,5.17
7/16/03,5
7/17/03,4.96
7/18/03,5.01
7/21/03,5.11
7/22/03,5.04
7/23/03,4.88
7/24/03,4.86
7/25/03,4.68
7/28/03,4.68
7/29/03,4.72
7/30/03,4.68
7/31/03,4.63
8/1/03,4.71
8/4/03,4.81
8/5/03,4.71
8/6/03,4.74
8/7/03,4.85
8/8/03,5.02
8/11/03,5.08
8/12/03,5.06
8/13/03,5.17
8/14/03,5.1
8/15/03,4.83
8/18/03,4.94
8/19/03,4.99
8/20/03,5.03
8/21/03,5.14
8/22/03,5.24
8/25/03,5.26
8/26/03,5.09
8/27/03,5.11
8/28/03,4.94
8/29/03,4.86
9/2/03,4.62
9/3/03,4.68
9/4/03,4.7
9/5/03,4.76
9/8/03,4.82
9/9/03,4.7
9/10/03,4.78
9/11/03,4.85
9/12/03,4.66
9/15/03,4.66
9/16/03,4.67
9/17/03,4.61
9/18/03,4.52
9/19/03,4.33
9/22/03,4.38
9/23/03,4.51
9/24/03,4.58
9/25/03,4.55
9/26/03,4.42
9/29/03,4.57
9/30/03,4.66
10/1/03,4.47
10/2/03,4.42
10/3/03,4.34
10/6/03,4.4
10/7/03,4.66
10/8/03,4.84
10/9/03,4.78
10/10/03,4.92
10/13/03,4.96
10/14/03,4.84
10/15/03,4.93
10/16/03,4.92
10/17/03,4.53
10/20/03,4.3
10/21/03,4.64
10/22/03,4.89
10/23/03,4.9
10/24/03,4.78
10/27/03,4.56
10/28/03,4.45
10/29/03,4.51
10/30/03,4.4
10/31/03,3.98
11/3/03,4.12
11/4/03,4.01
11/5/03,4.46
11/6/03,4.74
11/7/03,4.48
11/10/03,4.42
11/11/03,4.52
11/12/03,4.77
11/13/03,4.6
11/14/03,4.62
11/17/03,4.49
11/18/03,4.35
11/19/03,4.46
11/20/03,4.35
11/21/03,4.15
11/24/03,4.57
11/25/03,4.49
11/26/03,4.86
12/1/03,5.02
12/2/03,5.45
12/3/03,5.45
12/4/03,5.7
12/5/03,6.27
12/8/03,6.06
12/9/03,6.52
12/10/03,6.67
12/11/03,6.56
12/12/03,6.73
12/15/03,6.63
12/16/03,6.58
12/17/03,6.56
12/18/03,6.98
12/19/03,6.92
12/22/03,6.32
12/23/03,5.58
12/24/03,5.5
12/29/03,5.46
12/30/03,5.96
12/31/03,5.76
1/5/04,6.28
1/6/04,7.04
1/7/04,6.61
1/8/04,6.41
1/9/04,6.91
1/12/04,6.29
1/13/04,6.26
1/14/04,5.73
1/15/04,6.02
1/16/04,5.43
1/20/04,6.15
1/21/04,6.26
1/22/04,6.03
1/23/04,5.82
1/26/04,5.7
1/27/04,5.87
1/28/04,6.04
1/29/04,5.99
1/30/04,5.8
2/2/04,5.51
2/3/04,5.69
2/4/04,5.74
2/5/04,5.54
2/6/04,5.38
2/9/04,5.44
2/10/04,5.49
2/11/04,5.34
2/12/04,5.35
2/13/04,5.62
2/17/04,5.43
2/18/04,5.33
2/19/04,5.28
2/20/04,5.19
2/23/04,5.1
2/24/04,5.08
2/25/04,5.1
2/26/04,5.13
2/27/04,5.27
3/1/04,5.17
3/2/04,5.37
3/3/04,5.34
3/4/04,5.17
3/5/04,5.32
3/8/04,5.42
3/9/04,5.34
3/10/04,5.33
3/11/04,5.33
3/12/04,5.52
3/15/04,5.59
3/16/04,5.6
3/17/04,5.61
3/18/04,5.63
3/19/04,5.49
3/22/04,5.46
3/23/04,5.36
3/24/04,5.35
3/25/04,5.22
3/26/04,5.16
3/29/04,5.25
3/30/04,5.4
3/31/04,5.63
4/1/04,5.82
4/2/04,5.69
4/5/04,5.81
4/6/04,5.7
4/7/04,5.76
4/8/04,5.84
4/12/04,5.85
4/13/04,5.92
4/14/04,5.73
4/15/04,5.68
4/16/04,5.62
4/19/04,5.57
4/20/04,5.46
4/21/04,5.52
4/22/04,5.59
4/23/04,5.53
4/26/04,5.6
4/27/04,5.81
4/28/04,5.8
4/29/04,5.78
4/30/04,5.81
5/3/04,5.8
5/4/04,6.21
5/5/04,6.09
5/6/04,6.22
5/7/04,6.18
5/10/04,6.14
5/11/04,6.24
5/12/04,6.41
5/13/04,6.42
5/14/04,6.43
5/17/04,6.41
5/18/04,6.28
5/19/04,6.18
5/20/04,6.44
5/21/04,6.35
5/24/04,6.48
5/25/04,6.73
5/26/04,6.7
5/27/04,6.51
5/28/04,6.45
6/1/04,6.45
6/2/04,6.51
6/3/04,6.44
6/4/04,6.15
6/7/04,6.09
6/8/04,6.19
6/9/04,6.04
6/10/04,6
6/14/04,6.15
6/15/04,6.35
6/16/04,6.38
6/17/04,6.57
6/18/04,6.48
6/21/04,6.42
6/22/04,6.29
6/23/04,6.3
6/24/04,6.41
6/25/04,6.28
6/28/04,6.13
6/29/04,6.02
6/30/04,6.03
7/1/04,5.95
7/2/04,5.88
7/6/04,6.16
7/7/04,6.27
7/8/04,6.19
7/9/04,5.89
7/12/04,5.95
7/13/04,5.85
7/14/04,5.91
7/15/04,5.92
7/16/04,5.77
7/19/04,5.75
7/20/04,5.8
7/21/04,5.9
7/22/04,5.85
7/23/04,5.98
7/26/04,5.94
7/27/04,5.87
7/28/04,5.77
7/29/04,5.93
7/30/04,6.03
8/2/04,5.86
8/3/04,5.77
8/4/04,5.7
8/5/04,5.54
8/6/04,5.42
8/9/04,5.58
8/10/04,5.78
8/11/04,5.64
8/12/04,5.46
8/13/04,5.27
8/16/04,5.34
8/17/04,5.27
8/18/04,5.36
8/19/04,5.34
8/20/04,5.39
8/23/04,5.34
8/24/04,5.23
8/25/04,5.32
8/26/04,5.19
8/27/04,5.05
8/30/04,5.05
8/31/04,5.04
9/1/04,5.02
9/2/04,4.75
9/3/04,4.32
9/7/04,4.41
9/8/04,4.69
9/9/04,4.57
9/10/04,4.57
9/13/04,5.12
9/14/04,5.15
9/15/04,5.17
9/16/04,4.82
9/17/04,4.95
9/20/04,5.22
9/21/04,5.43
9/22/04,5.58
9/23/04,5.58
9/24/04,5.41
9/27/04,5.22
9/28/04,5.45
9/29/04,6.26
9/30/04,6.36
10/1/04,5.38
10/4/04,5.72
10/5/04,6.07
10/6/04,6
10/7/04,6.24
10/8/04,5.59
10/11/04,5.63
10/12/04,5.63
10/13/04,5.38
10/14/04,5.76
10/15/04,5.64
10/18/04,5.64
10/19/04,6.13
10/20/04,7.27
10/21/04,7.35
10/22/04,7.11
10/25/04,7.75
10/26/04,7.78
10/27/04,8.12
10/28/04,6.8
10/29/04,6.43
11/1/04,6.98
11/2/04,6.88
11/3/04,7.25
11/4/04,7.4
11/5/04,6.08
11/8/04,6.62
11/9/04,5.79
11/10/04,6.12
11/11/04,6.19
11/12/04,5.9
11/15/04,6.02
11/16/04,6.57
11/17/04,6.06
11/18/04,5.59
11/19/04,4.81
11/22/04,5.24
11/23/04,5.24
11/24/04,5.01
11/29/04,6.76
11/30/04,6.79
12/1/04,6.78
12/2/04,6.69
12/3/04,6.04
12/6/04,6.05
12/7/04,6.03
12/8/04,5.98
12/9/04,6.04
12/10/04,6.29
12/13/04,6.89
12/14/04,7.1
12/15/04,7.04
12/16/04,6.88
12/17/04,7.26
12/20/04,7.14
12/21/04,6.83
12/22/04,7.05
12/23/04,6.98
12/27/04,6.57
12/28/04,6.27
12/29/04,6.18
12/30/04,6.02
1/3/05,5.53
1/4/05,5.71
1/5/05,5.84
1/6/05,5.79
1/7/05,5.82
1/10/05,6.21
1/11/05,5.96
1/12/05,5.89
1/13/05,6.06
1/14/05,6.45
1/18/05,6.69
1/19/05,6.19
1/20/05,6.27
1/21/05,6.43
1/24/05,6.41
1/25/05,6.44
1/26/05,6.44
1/27/05,6.5
1/28/05,6.23
1/31/05,6.14
2/1/05,6.28
2/2/05,6.38
2/3/05,6.32
2/4/05,6.12
2/7/05,6.02
2/8/05,5.95
2/9/05,6.2
2/10/05,6.21
2/11/05,6.02
2/14/05,5.95
2/15/05,6.01
2/16/05,6.1
2/17/05,6.05
2/18/05,5.88
2/22/05,5.92
2/23/05,6.02
2/24/05,6.33
2/25/05,6.24
2/28/05,6.62
3/1/05,6.63
3/2/05,6.61
3/3/05,6.71
3/4/05,6.51
3/7/05,6.66
3/8/05,6.81
3/9/05,6.99
3/10/05,6.91
3/11/05,6.73
3/14/05,6.86
3/15/05,7.16
3/16/05,7.08
3/17/05,7.25
3/18/05,7.12
3/21/05,7.16
3/22/05,7.24
3/23/05,7.11
3/24/05,7.07
3/28/05,6.94
3/29/05,6.93
3/30/05,7.18
3/31/05,7.46
4/1/05,7.57
4/4/05,7.8
4/5/05,7.44
4/6/05,7.46
4/7/05,7.5
4/8/05,7.26
4/11/05,7.17
4/12/05,7.34
4/13/05,7.07
4/14/05,7.02
4/15/05,6.95
4/18/05,6.95
4/19/05,6.95
4/20/05,7.1
4/21/05,6.93
4/22/05,7.06
4/25/05,7.27
4/26/05,7.08
4/27/05,7.1
4/28/05,6.67
4/29/05,6.64
5/2/05,6.5
5/3/05,6.61
5/4/05,6.49
5/5/05,6.65
5/6/05,6.67
5/9/05,6.56
5/10/05,6.67
5/11/05,6.63
5/12/05,6.62
5/13/05,6.47
5/16/05,6.45
5/17/05,6.41
5/18/05,6.5
5/19/05,6.39
5/20/05,6.36
5/23/05,6.33
5/24/05,6.45
5/25/05,6.33
5/26/05,6.3
5/27/05,6.22
5/31/05,6.31
6/1/05,6.36
6/2/05,6.63
6/3/05,6.65
6/6/05,7.05
6/7/05,7.13
6/8/05,7.22
6/9/05,7.05
6/10/05,7.09
6/13/05,7.08
6/14/05,7.32
6/15/05,7.39
6/16/05,7.41
6/17/05,7.61
6/20/05,7.8
6/21/05,7.46
6/22/05,7.39
6/23/05,7.51
6/24/05,7.45
6/27/05,7.29
6/28/05,7.04
6/29/05,7.08
6/30/05,7.01
7/1/05,7.01
7/5/05,7.38
7/6/05,7.69
7/7/05,7.62
7/8/05,7.87
7/11/05,7.35
7/12/05,7.79
7/13/05,7.78
7/14/05,7.99
7/15/05,8.02
7/18/05,7.77
7/19/05,7.7
7/20/05,7.75
7/21/05,7.64
7/22/05,7.41
7/25/05,7.38
7/26/05,7.45
7/27/05,7.52
7/28/05,7.69
7/29/05,7.76
8/1/05,8.03
8/2/05,8.38
8/3/05,8.75
8/4/05,8.55
8/5/05,8.6
8/8/05,8.93
8/9/05,8.7
8/10/05,8.82
8/11/05,9.29
8/12/05,9.59
8/15/05,9.53
8/16/05,9.66
8/17/05,9.99
8/18/05,9.38
8/19/05,9.09
8/22/05,9.44
8/23/05,9.96
8/24/05,10.02
8/25/05,9.77
8/26/05,9.86
8/29/05,9.86
8/30/05,12.36
8/31/05,12.69
9/1/05,11.36
9/2/05,11.75
9/6/05,11.56
9/7/05,11.03
9/8/05,10.92
9/9/05,11.03
9/12/05,10.68
9/13/05,10.71
9/14/05,10.8
9/15/05,11.24
9/16/05,11.25
9/19/05,11.99
9/20/05,12.76
9/21/05,14.26
9/22/05,14.84
10/7/05,13.67
10/10/05,13.29
10/11/05,13.67
10/12/05,13.77
10/13/05,13.48
10/14/05,12.8
10/17/05,13.89
10/18/05,13.41
10/19/05,13.52
10/20/05,13.24
10/21/05,12.73
10/24/05,12.95
10/25/05,13.9
10/26/05,14.68
10/27/05,13.9
10/28/05,13.1
10/31/05,12.18
11/1/05,10.8
11/2/05,10.85
11/3/05,10.79
11/4/05,9.67
11/7/05,8.77
11/8/05,9.15
11/9/05,9.31
11/10/05,9.66
11/11/05,9.2
11/14/05,9.15
11/15/05,9.21
11/16/05,11.03
11/17/05,11.92
11/18/05,10.01
11/21/05,10.48
11/22/05,11.15
11/23/05,11.02
11/28/05,11.01
11/29/05,11.17
11/30/05,11.73
12/1/05,12.58
12/2/05,12.95
12/5/05,14.27
12/6/05,13.57
12/7/05,13.95
12/8/05,14.25
12/9/05,15.02
12/12/05,14.82
12/13/05,15.39
12/14/05,14.81
12/15/05,14.07
12/16/05,13.36
12/19/05,13.73
12/20/05,13.79
12/21/05,13.56
12/22/05,13.03
12/23/05,11.17
12/27/05,10.22
12/28/05,9.9
12/29/05,10.07
12/30/05,9.52
1/3/06,9.9
1/4/06,9.25
1/5/06,9.24
1/6/06,9.3
1/9/06,8.79
1/10/06,8.6
1/11/06,8.55
1/12/06,8.7
1/13/06,8.5
1/17/06,8.82
1/18/06,8.86
1/19/06,8.21
1/20/06,8.8
1/23/06,8.29
1/24/06,8.27
1/25/06,8.5
1/26/06,7.86
1/27/06,8.19
1/30/06,8.36
1/31/06,8.73
2/1/06,8.71
2/2/06,8.01
2/3/06,8.01
2/6/06,8.24
2/7/06,7.74
2/8/06,7.88
2/9/06,7.55
2/10/06,7.57
2/13/06,7.36
2/14/06,7.03
2/15/06,7.31
2/16/06,7.16
2/17/06,7.39
2/21/06,7.4
2/22/06,7.55
2/23/06,7.23
2/24/06,7.39
2/27/06,6.97
2/28/06,6.69
3/1/06,6.62
3/2/06,6.69
3/3/06,6.59
3/6/06,6.5
3/7/06,6.53
3/8/06,6.47
3/9/06,6.31
3/10/06,6.4
3/13/06,6.77
3/14/06,7.15
3/15/06,7.1
3/16/06,7.12
3/17/06,7.17
3/20/06,7
3/21/06,6.83
3/22/06,7.06
3/23/06,7.16
3/24/06,7.43
3/27/06,7.05
3/28/06,7.15
3/29/06,7.16
3/30/06,7.19
3/31/06,6.98
4/3/06,7.08
4/4/06,7.04
4/5/06,6.89
4/6/06,7.06
4/7/06,6.81
4/10/06,6.83
4/11/06,6.99
4/12/06,6.78
4/13/06,6.64
4/17/06,7.22
4/18/06,7.6
4/19/06,7.72
4/20/06,7.95
4/21/06,7.65
4/24/06,7.73
4/25/06,7.37
4/26/06,7.17
4/27/06,6.94
4/28/06,6.64
5/1/06,6.53
5/2/06,6.68
5/3/06,6.56
5/4/06,6.47
5/5/06,6.8
5/8/06,6.54
5/9/06,6.55
5/10/06,6.5
5/11/06,6.8
5/12/06,6.35
5/15/06,5.92
5/16/06,5.99
5/17/06,6.15
5/18/06,5.79
5/19/06,5.77
5/22/06,5.91
5/23/06,6.27
5/24/06,6.01
5/25/06,5.85
5/26/06,5.78
5/30/06,6.2
5/31/06,5.97
6/1/06,6.25
6/2/06,6.23
6/5/06,6.4
6/6/06,6.16
6/7/06,5.82
6/8/06,5.84
6/9/06,6.1
6/12/06,6.02
6/13/06,5.95
6/14/06,6.08
6/15/06,6.43
6/16/06,7.03
6/19/06,6.71
6/20/06,6.62
6/21/06,6.5
6/22/06,6.51
6/23/06,6.14
6/26/06,5.89
6/27/06,5.97
6/28/06,6.04
6/29/06,6.09
6/30/06,5.84
7/5/06,5.7
7/6/06,5.28
7/7/06,5.18
7/10/06,5.32
7/11/06,5.51
7/12/06,5.66
7/13/06,5.92
7/14/06,6.28
7/17/06,6.27
7/18/06,6.02
7/19/06,5.89
7/20/06,6.14
7/21/06,5.9
7/24/06,6.33
7/25/06,6.78
7/26/06,6.71
7/27/06,7.03
7/28/06,7.24
7/31/06,8.04
8/1/06,8.66
8/2/06,8.65
8/3/06,7.61
8/4/06,7.44
8/7/06,6.97
8/8/06,7.06
8/9/06,7.6
8/10/06,7.95
8/11/06,7.56
8/14/06,6.89
8/15/06,6.9
8/16/06,7.01
8/17/06,6.73
8/18/06,6.66
8/21/06,6.72
8/22/06,6.86
8/23/06,7.19
8/24/06,7.22
8/25/06,7.48
8/28/06,6.51
8/29/06,6.24
8/30/06,6.4
8/31/06,5.8
9/1/06,5.24
9/5/06,5.45
9/6/06,5.7
9/7/06,5.64
9/8/06,5.31
9/11/06,5.29
9/12/06,5.57
9/13/06,5.4
9/14/06,5.09
9/15/06,4.4
9/18/06,5.02
9/19/06,4.99
9/20/06,4.87
9/21/06,4.65
9/22/06,4.47
9/25/06,4.31
9/26/06,4.36
9/27/06,4.35
9/28/06,4.15
9/29/06,3.66
10/2/06,4.11
10/3/06,4.01
10/4/06,4.38
10/5/06,4.69
10/6/06,4.41
10/9/06,5.06
10/10/06,5.16
10/11/06,5.66
10/12/06,5.17
10/13/06,4.3
10/16/06,5.13
10/17/06,6.26
10/18/06,6.07
10/19/06,6.77
10/20/06,6.88
10/23/06,7.29
10/24/06,7.13
10/25/06,7.2
10/26/06,7.91
10/27/06,7.41
10/30/06,6.99
10/31/06,6.64
11/1/06,7.15
11/2/06,7.32
11/3/06,7.43
11/6/06,6.72
11/7/06,6.59
11/8/06,7.39
11/9/06,7.35
11/10/06,7.16
11/13/06,7.26
11/14/06,7.42
11/15/06,7.45
11/16/06,7.59
11/17/06,7.23
11/20/06,7.79
11/21/06,7.57
11/22/06,7.42
11/27/06,7.58
11/28/06,7.61
11/29/06,7.74
11/30/06,8.32
12/1/06,8.42
12/4/06,7.84
12/5/06,7.32
12/6/06,7.32
12/7/06,7.61
12/8/06,7.45
12/11/06,6.81
12/12/06,6.93
12/13/06,7.21
12/14/06,7.26
12/15/06,6.82
12/18/06,6.62
12/19/06,6.27
12/20/06,6.43
12/21/06,6.09
12/22/06,5.88
12/26/06,5.72
12/27/06,5.54
12/28/06,5.63
12/29/06,5.5
1/2/07,5.4
1/3/07,5.47
1/4/07,5.6
1/5/07,5.52
1/8/07,6.02
1/9/07,6.15
1/10/07,6.42
1/11/07,6.09
1/12/07,5.97
1/16/07,6.82
1/17/07,6.57
1/18/07,6.29
1/19/07,6.4
1/22/07,7.2
1/23/07,7.53
1/24/07,7.58
1/25/07,7.18
1/26/07,6.95
1/29/07,7.35
1/30/07,7.32
1/31/07,7.76
2/1/07,7.93
2/2/07,8.17
2/5/07,9.14
2/6/07,8.29
2/7/07,7.9
2/8/07,8.06
2/9/07,8.16
2/12/07,7.78
2/13/07,8.09
2/14/07,8.9
2/15/07,8.91
2/16/07,8.45
2/20/07,7.34
2/21/07,7.51
2/22/07,7.47
2/23/07,7.53
2/26/07,7.73
2/27/07,7.44
2/28/07,7.23
3/1/07,7.07
3/2/07,7.22
3/5/07,7.36
3/6/07,7.55
3/7/07,7.5
3/8/07,7.14
3/9/07,7.05
3/12/07,6.81
3/13/07,6.78
3/14/07,6.86
3/15/07,7.02
3/16/07,6.84
3/19/07,6.7
3/20/07,6.81
3/21/07,6.82
3/22/07,7.07
3/23/07,7.16
3/26/07,7.15
3/27/07,7.15
3/28/07,7.47
3/29/07,7.34
3/30/07,7.5
4/2/07,7.62
4/3/07,7.57
4/4/07,7.46
4/5/07,7.53
4/9/07,7.65
4/10/07,7.65
4/11/07,7.97
4/12/07,7.95
4/13/07,7.93
4/16/07,7.66
4/17/07,7.5
4/18/07,7.54
4/19/07,7.54
4/20/07,7.32
4/23/07,7.24
4/24/07,7.57
4/25/07,7.6
4/26/07,7.56
4/27/07,7.44
4/30/07,7.71
5/1/07,7.64
5/2/07,7.64
5/3/07,7.58
5/4/07,7.82
5/7/07,7.69
5/8/07,7.5
5/9/07,7.46
5/10/07,7.63
5/11/07,7.53
5/14/07,7.85
5/15/07,7.68
5/16/07,7.62
5/17/07,7.69
5/18/07,7.87
5/21/07,7.66
5/22/07,7.6
5/23/07,7.51
5/24/07,7.56
5/25/07,7.47
5/29/07,7.51
5/30/07,7.71
5/31/07,7.8
6/1/07,7.57
6/4/07,7.73
6/5/07,7.83
6/6/07,7.83
6/7/07,7.89
6/8/07,7.52
6/11/07,7.42
6/12/07,7.45
6/13/07,7.6
6/14/07,7.48
6/15/07,7.58
6/18/07,7.69
6/19/07,7.46
6/20/07,7.39
6/21/07,7.24
6/22/07,7.04
6/25/07,6.77
6/26/07,6.85
6/27/07,6.74
6/28/07,6.79
6/29/07,6.4
7/2/07,6.24
7/3/07,6.37
7/5/07,6.3
7/6/07,6.15
7/9/07,6.39
7/10/07,6.44
7/11/07,6.66
7/12/07,6.26
7/13/07,6.27
7/16/07,6.32
7/17/07,6.34
7/18/07,6.23
7/19/07,6.5
7/20/07,6.46
7/23/07,6
7/24/07,5.66
7/25/07,5.56
7/26/07,5.83
7/27/07,5.77
7/30/07,6.31
7/31/07,6.53
8/1/07,6.19
8/2/07,6.34
8/3/07,6.11
8/6/07,6.1
8/7/07,6.38
8/8/07,6.24
8/9/07,6.45
8/10/07,6.57
8/13/07,7.15
8/14/07,6.86
8/15/07,7.3
8/16/07,6.96
8/17/07,7.14
8/20/07,6.47
8/21/07,5.92
8/22/07,5.84
8/23/07,5.73
8/24/07,5.69
8/27/07,5.34
8/28/07,5.56
8/29/07,5.64
8/30/07,5.54
8/31/07,5.49
9/4/07,5.3
9/5/07,5.8
9/6/07,6.02
9/7/07,5.53
9/10/07,5.56
9/11/07,5.98
9/12/07,6.13
9/13/07,6.27
9/14/07,6.23
9/17/07,6.38
9/18/07,6.42
9/19/07,6.25
9/20/07,6.02
9/21/07,5.96
9/24/07,6.12
9/25/07,6.54
9/26/07,6.47
9/27/07,6.38
9/28/07,6.15
10/1/07,6.07
10/2/07,6.55
10/3/07,6.96
10/4/07,6.91
10/5/07,6.77
10/8/07,6.69
10/9/07,6.63
10/10/07,6.79
10/11/07,6.85
10/12/07,6.46
10/15/07,7.09
10/16/07,7.29
10/17/07,7.12
10/18/07,7.11
10/19/07,6.91
10/22/07,6.63
10/23/07,6.3
10/24/07,6.11
10/25/07,6.49
10/26/07,6.43
10/29/07,6.66
10/30/07,6.99
10/31/07,7.28
11/1/07,7.09
11/2/07,6.63
11/5/07,6.71
11/6/07,7.2
11/7/07,7.42
11/8/07,6.81
11/9/07,6.59
11/12/07,6.83
11/13/07,7.22
11/14/07,7.28
11/15/07,7.35
11/16/07,7.29
11/19/07,7.38
11/20/07,6.81
11/21/07,6.67
11/23/07,6.67
11/26/07,7.53
11/27/07,7.42
11/28/07,7.51
11/29/07,7.45
11/30/07,7.29
12/3/07,6.97
12/4/07,7.27
12/5/07,7.04
12/6/07,7.29
12/7/07,7.04
12/10/07,6.98
12/11/07,7.12
12/12/07,7.22
12/13/07,7.46
12/14/07,7.09
12/17/07,7.06
12/18/07,7.16
12/19/07,7.18
12/20/07,7.19
12/21/07,7.03
12/24/07,7.03
12/26/07,6.94
12/27/07,6.8
12/28/07,7.11
12/31/07,7.11
1/2/08,7.83
1/3/08,7.84
1/4/08,7.51
1/7/08,7.61
1/8/08,7.59
1/9/08,7.89
1/10/08,7.96
1/11/08,8.13
1/14/08,8.45
1/15/08,8.43
1/16/08,8.23
1/17/08,8.1
1/18/08,8.42
1/22/08,7.97
1/23/08,7.84
1/24/08,7.85
1/25/08,7.8
1/28/08,7.87
1/29/08,8.1
1/30/08,8.17
1/31/08,8.1
2/1/08,7.88
2/4/08,7.56
2/5/08,7.8
2/6/08,7.94
2/7/08,7.99
2/8/08,8.06
2/11/08,8.38
2/12/08,8.37
2/13/08,8.35
2/14/08,8.5
2/15/08,8.73
2/19/08,8.91
2/20/08,9.08
2/21/08,8.9
2/22/08,8.65
2/25/08,9.15
2/26/08,9.21
2/27/08,9.21
2/28/08,9.11
2/29/08,9.1
3/3/08,9.07
3/4/08,9.21
3/5/08,9.37
3/6/08,9.7
3/7/08,9.82
3/10/08,9.59
3/11/08,9.85
3/12/08,9.69
3/13/08,9.74
3/14/08,9.84
3/17/08,9.59
3/18/08,9.1
3/19/08,9.11
3/20/08,8.54
3/24/08,8.99
3/25/08,9.28
3/26/08,9.25
3/27/08,9.3
3/28/08,9.36
3/31/08,9.86
4/1/08,9.92
4/2/08,9.6
4/3/08,9.68
4/4/08,9.36
4/7/08,9.48
4/8/08,9.78
4/9/08,9.88
4/10/08,10.18
4/11/08,10.07
4/14/08,10.03
4/15/08,10.16
4/16/08,10.11
4/17/08,10.27
4/18/08,10.08
4/21/08,10.5
4/22/08,10.56
4/23/08,10.33
4/24/08,10.58
4/25/08,10.72
4/28/08,10.95
4/29/08,10.94
4/30/08,10.81
5/1/08,10.66
5/2/08,10.37
5/5/08,10.77
5/6/08,11.09
5/7/08,11.08
5/8/08,11.33
5/9/08,11.29
5/12/08,11.38
5/13/08,11.18
5/14/08,11.52
5/15/08,11.41
5/16/08,11.31
5/19/08,11.1
5/20/08,10.94
5/21/08,11.4
5/22/08,11.57
5/23/08,11.56
5/27/08,11.85
5/28/08,11.6
5/29/08,11.81
5/30/08,11.43
6/2/08,11.8
6/3/08,12.27
6/4/08,12.17
6/5/08,12.49
6/6/08,12.71
6/9/08,12.71
6/10/08,12.72
6/11/08,12.49
6/12/08,12.51
6/13/08,12.51
6/16/08,12.73
6/17/08,12.87
6/18/08,12.93
6/19/08,13.09
6/20/08,12.76
6/23/08,12.92
6/24/08,12.96
6/25/08,12.76
6/26/08,12.7
6/27/08,13.1
6/30/08,13.19
7/1/08,13.28
7/2/08,13.31
7/3/08,13
7/7/08,12.96
7/8/08,12.47
7/9/08,12.1
7/10/08,11.83
7/11/08,12.15
7/14/08,11.58
7/15/08,11.79
7/16/08,11.15
7/17/08,11.43
7/18/08,10.54
7/21/08,10.58
7/22/08,10.16
7/23/08,9.88
7/24/08,9.7
7/25/08,9.34
7/28/08,9.26
7/29/08,9.17
7/30/08,9.01
7/31/08,9.26
8/1/08,9.05
8/4/08,9.2
8/5/08,8.66
8/6/08,8.7
8/7/08,8.77
8/8/08,8.22
8/11/08,8.18
8/12/08,8.23
8/13/08,8.11
8/14/08,8.15
8/15/08,7.82
8/18/08,7.74
8/19/08,7.73
8/20/08,8.02
8/21/08,8.04
8/22/08,7.98
8/25/08,7.63
8/26/08,8.02
8/27/08,8.54
8/28/08,8.36
8/29/08,8.24
9/2/08,8.24
9/3/08,7.26
9/4/08,7.24
9/5/08,7.4
9/8/08,7.68
9/9/08,7.28
9/10/08,7.65
9/11/08,7.83
9/12/08,8.02
9/15/08,8.02
9/16/08,7.76
9/17/08,7.72
9/18/08,8.26
9/19/08,7.79
9/22/08,7.66
9/23/08,7.84
9/24/08,8.15
9/25/08,7.63
9/26/08,7.42
9/29/08,7.13
9/30/08,7.17
10/1/08,7.41
10/2/08,7.64
10/3/08,7.16
10/6/08,6.87
10/7/08,6.74
10/8/08,6.58
10/9/08,6.69
10/10/08,6.52
10/13/08,6.62
10/14/08,6.74
10/15/08,6.64
10/16/08,6.65
10/17/08,6.76
10/20/08,6.98
10/21/08,6.76
10/22/08,6.94
10/23/08,6.77
10/24/08,6.29
10/27/08,6.27
10/28/08,6.4
10/29/08,6.58
10/30/08,6.75
10/31/08,6.18
11/3/08,6.45
11/4/08,6.79
11/5/08,6.94
11/6/08,7.04
11/7/08,6.6
11/10/08,7.07
11/11/08,7.02
11/12/08,6.65
11/13/08,6.31
11/14/08,6.33
11/17/08,6.55
11/18/08,6.74
11/19/08,6.76
11/20/08,6.76
11/21/08,6.56
11/24/08,6.85
11/25/08,6.71
11/26/08,6.43
11/28/08,6.43
12/1/08,6.48
12/2/08,6.68
12/3/08,6.48
12/4/08,6.55
12/5/08,5.99
12/8/08,5.73
12/9/08,5.57
12/10/08,5.67
12/11/08,5.86
12/12/08,5.56
12/15/08,5.75
12/16/08,5.75
12/17/08,5.79
12/18/08,5.63
12/19/08,5.66
12/22/08,5.39
12/23/08,5.37
12/24/08,5.44
12/26/08,5.44
12/29/08,5.81
12/30/08,5.71
12/31/08,5.63
1/2/09,5.41
1/5/09,5.83
1/6/09,6.1
1/7/09,5.89
1/8/09,5.96
1/9/09,5.6
1/12/09,5.59
1/13/09,5.7
1/14/09,5.47
1/15/09,5.27
1/16/09,5.09
1/20/09,4.86
1/21/09,4.87
1/22/09,4.72
1/23/09,4.75
1/26/09,4.62
1/27/09,4.76
1/28/09,4.84
1/29/09,4.71
1/30/09,4.77
2/2/09,4.48
2/3/09,5.04
2/4/09,5.01
2/5/09,4.84
2/6/09,4.67
2/9/09,4.76
2/10/09,4.84
2/11/09,4.68
2/12/09,4.73
2/13/09,4.6
2/17/09,4.35
2/18/09,4.35
2/19/09,4.46
2/20/09,4.21
2/23/09,4.23
2/24/09,4.21
2/25/09,4.2
2/26/09,4.08
2/27/09,4.04
3/2/09,4.36
3/3/09,4.43
3/4/09,4.23
3/5/09,4.22
3/6/09,3.93
3/9/09,3.86
3/10/09,3.88
3/11/09,3.92
3/12/09,3.87
3/13/09,3.9
3/16/09,3.78
3/17/09,3.78
3/18/09,3.75
3/19/09,3.68
3/20/09,3.99
3/23/09,4.17
3/24/09,4.13
3/25/09,4.13
3/26/09,4.16
3/27/09,3.73
3/30/09,3.63
3/31/09,3.58
4/1/09,3.56
4/2/09,3.69
4/3/09,3.66
4/6/09,3.74
4/7/09,3.6
4/8/09,3.5
4/9/09,3.59
4/13/09,3.46
4/14/09,3.59
4/15/09,3.6
4/16/09,3.54
4/17/09,3.47
4/20/09,3.55
4/21/09,3.43
4/22/09,3.48
4/23/09,3.46
4/24/09,3.31
4/27/09,3.19
4/28/09,3.29
4/29/09,3.43
4/30/09,3.25
5/1/09,3.3
5/4/09,3.47
5/5/09,3.62
5/6/09,3.67
5/7/09,3.96
5/8/09,4.16
5/11/09,4.24
5/12/09,4.41
5/13/09,4.42
5/14/09,4.1
5/15/09,4.05
5/18/09,4.02
5/19/09,3.99
5/20/09,3.75
5/21/09,3.77
5/22/09,3.41
5/26/09,3.35
5/27/09,3.49
5/28/09,3.55
5/29/09,3.92
6/1/09,3.86
6/2/09,4.05
6/3/09,3.81
6/4/09,3.58
6/5/09,3.51
6/8/09,3.53
6/9/09,3.53
6/10/09,3.56
6/11/09,3.51
6/12/09,3.54
6/15/09,3.8
6/16/09,4.16
6/17/09,3.99
6/18/09,4.19
6/19/09,4.04
6/22/09,4.01
6/23/09,3.91
6/24/09,3.8
6/25/09,3.82
6/26/09,3.81
6/29/09,3.88
6/30/09,3.72
7/1/09,3.63
7/2/09,3.49
7/6/09,3.24
7/7/09,3.3
7/8/09,3.22
7/9/09,3.36
7/10/09,3.24
7/13/09,3.17
7/14/09,3.29
7/15/09,3.37
7/16/09,3.21
7/17/09,3.39
7/20/09,3.49
7/21/09,3.48
7/22/09,3.49
7/23/09,3.66
7/24/09,3.37
7/27/09,3.46
7/28/09,3.49
7/29/09,3.41
7/30/09,3.34
7/31/09,3.34
8/3/09,3.43
8/4/09,3.53
8/5/09,3.61
8/6/09,3.78
8/7/09,3.57
8/10/09,3.55
8/11/09,3.54
8/12/09,3.36
8/13/09,3.34
8/14/09,3.18
8/17/09,3.11
8/18/09,3.12
8/19/09,3.03
8/20/09,3.03
8/21/09,2.78
8/24/09,2.69
8/25/09,2.85
8/26/09,2.76
8/27/09,2.76
8/28/09,2.52
8/31/09,2.42
9/1/09,2.36
9/2/09,2.25
9/3/09,2.06
9/4/09,1.83
9/8/09,2.43
9/9/09,2.72
9/10/09,2.68
9/11/09,2.94
9/14/09,2.84
9/15/09,3.21
9/16/09,3.28
9/17/09,3.5
9/18/09,3.21
9/21/09,3.35
9/22/09,3.37
9/23/09,3.43
9/24/09,3.56
9/25/09,3.61
9/28/09,3.54
9/29/09,3.3
9/30/09,3.25
10/1/09,2.91
10/2/09,2.32
10/5/09,2.89
10/6/09,3.23
10/7/09,3.7
10/8/09,4.24
10/9/09,3.92
10/12/09,3.96
10/13/09,4.03
10/14/09,3.82
10/15/09,3.88
10/16/09,3.94
10/19/09,4.22
10/20/09,4.6
10/21/09,4.8
10/22/09,4.98
10/23/09,4.88
10/26/09,4.52
10/27/09,4.52
10/28/09,4.59
10/29/09,4.11
10/30/09,4.11
11/2/09,4.32
11/3/09,4.33
11/4/09,4.49
11/5/09,4.3
11/6/09,3.95
11/9/09,3.78
11/10/09,3.76
11/11/09,3.59
11/12/09,3.24
11/13/09,2.51
11/16/09,2.65
11/17/09,3.47
11/18/09,3.74
11/19/09,3.57
11/20/09,3.09
11/23/09,3.79
11/24/09,3.63
11/25/09,3.32
11/27/09,3.32
11/30/09,4.41
12/1/09,4.3
12/2/09,4.67
12/3/09,4.57
12/4/09,4.53
12/7/09,4.78
12/8/09,5.1
12/9/09,5.27
12/10/09,5.02
12/11/09,5.21
12/14/09,5.41
12/15/09,5.53
12/16/09,5.57
12/17/09,5.65
12/18/09,5.87
12/21/09,5.79
12/22/09,5.56
12/23/09,5.55
12/24/09,5.75
12/28/09,5.91
12/29/09,6.01
12/30/09,5.78
12/31/09,5.82
1/4/10,6.09
1/5/10,6.19
1/6/10,6.47
1/7/10,7.51
1/8/10,6.56
1/11/10,5.77
1/12/10,5.57
1/13/10,5.61
1/14/10,5.77
1/15/10,5.66
1/19/10,5.51
1/20/10,5.54
1/21/10,5.52
1/22/10,5.67
1/25/10,5.76
1/26/10,5.61
1/27/10,5.42
1/28/10,5.32
1/29/10,5.26
2/1/10,5.3
2/2/10,5.47
2/3/10,5.51
2/4/10,5.47
2/5/10,5.61
2/8/10,5.73
2/9/10,5.54
2/10/10,5.48
2/11/10,5.53
2/12/10,5.48
2/16/10,5.65
2/17/10,5.47
2/18/10,5.4
2/19/10,5.1
2/22/10,4.92
2/23/10,4.91
2/24/10,4.91
2/25/10,4.84
2/26/10,4.76
3/1/10,4.83
3/2/10,4.78
3/3/10,4.76
3/4/10,4.78
3/5/10,4.56
3/8/10,4.47
3/9/10,4.51
3/10/10,4.44
3/11/10,4.47
3/12/10,4.35
3/15/10,4.29
3/16/10,4.38
3/17/10,4.27
3/18/10,4.19
3/19/10,4.01
3/22/10,4.02
3/23/10,4.08
3/24/10,4.02
3/25/10,4.01
3/26/10,3.92
3/29/10,3.83
3/30/10,3.79
3/31/10,3.93
4/1/10,3.72
4/5/10,3.93
4/6/10,4.16
4/7/10,4.08
4/8/10,3.92
4/9/10,3.9
4/12/10,4.04
4/13/10,3.97
4/14/10,4.15
4/15/10,4.16
4/16/10,3.97
4/19/10,4.02
4/20/10,3.93
4/21/10,3.96
4/22/10,3.95
4/23/10,4.07
4/26/10,4.23
4/27/10,4.18
4/28/10,4.19
4/29/10,4.24
4/30/10,3.94
5/3/10,3.86
5/4/10,3.96
5/5/10,4
5/6/10,3.97
5/7/10,3.91
5/10/10,4.08
5/11/10,4.15
5/12/10,4.18
5/13/10,4.26
5/14/10,4.27
5/17/10,4.34
5/18/10,4.42
5/19/10,4.28
5/20/10,4.12
5/21/10,4.12
5/24/10,4.08
5/25/10,4.08
5/26/10,4.19
5/27/10,4.22
5/28/10,4.31
6/1/10,4.39
6/2/10,4.32
6/3/10,4.46
6/4/10,4.6
6/7/10,4.67
6/8/10,4.89
6/9/10,4.75
6/10/10,4.68
6/11/10,4.68
6/14/10,4.94
6/15/10,5.11
6/16/10,5.13
6/17/10,5.14
6/18/10,5.17
6/21/10,5.15
6/22/10,4.87
6/23/10,4.9
6/24/10,4.88
6/25/10,4.84
6/28/10,4.85
6/29/10,4.68
6/30/10,4.53
7/1/10,4.54
7/2/10,4.72
7/6/10,4.85
7/7/10,4.76
7/8/10,4.61
7/9/10,4.36
7/12/10,4.42
7/13/10,4.46
7/14/10,4.39
7/15/10,4.43
7/16/10,4.68
7/19/10,4.56
7/20/10,4.59
7/21/10,4.7
7/22/10,4.67
7/23/10,4.69
7/26/10,4.65
7/27/10,4.72
7/28/10,4.75
7/29/10,4.8
7/30/10,4.81
8/2/10,4.94
8/3/10,4.78
8/4/10,4.77
8/5/10,4.84
8/6/10,4.67
8/9/10,4.52
8/10/10,4.43
8/11/10,4.38
8/12/10,4.42
8/13/10,4.35
8/16/10,4.37
8/17/10,4.28
8/18/10,4.35
8/19/10,4.29
8/20/10,4.19
8/23/10,4.12
8/24/10,4.07
8/25/10,3.99
8/26/10,3.85
8/27/10,3.75
8/30/10,3.77
8/31/10,3.8
9/1/10,3.73
9/2/10,3.74
9/3/10,3.74
9/7/10,3.82
9/8/10,3.81
9/9/10,3.79
9/10/10,3.79
9/13/10,3.83
9/14/10,3.98
9/15/10,4.06
9/16/10,4.09
9/17/10,4.11
9/20/10,4.01
9/21/10,3.95
9/22/10,4.02
9/23/10,4.08
9/24/10,3.97
9/27/10,3.8
9/28/10,3.8
9/29/10,3.81
9/30/10,3.85
10/1/10,3.67
10/4/10,3.56
10/5/10,3.51
10/6/10,3.56
10/7/10,3.62
10/8/10,3.36
10/11/10,3.43
10/12/10,3.4
10/13/10,3.58
10/14/10,3.58
10/15/10,3.47
10/18/10,3.36
10/19/10,3.36
10/20/10,3.46
10/21/10,3.46
10/22/10,3.19
10/25/10,3.18
10/26/10,3.28
10/27/10,3.37
10/28/10,3.36
10/29/10,3.36
11/1/10,3.42
11/2/10,3.2
11/3/10,3.35
11/4/10,3.53
11/5/10,3.47
11/8/10,3.49
11/9/10,3.76
11/10/10,4
11/11/10,3.73
11/12/10,3.5
11/15/10,3.56
11/16/10,3.66
11/17/10,3.77
11/18/10,3.89
11/19/10,3.79
11/22/10,4.02
11/23/10,3.93
11/24/10,3.82
11/26/10,3.82
11/29/10,4.12
11/30/10,4.16
12/1/10,4.21
12/2/10,4.28
12/3/10,4.23
12/6/10,4.47
12/7/10,4.48
12/8/10,4.47
12/9/10,4.52
12/10/10,4.37
12/13/10,4.55
12/14/10,4.35
12/15/10,4.22
12/16/10,4.19
12/17/10,3.99
12/20/10,4.1
12/21/10,4.17
12/22/10,4.01
12/23/10,4.08
12/27/10,4.05
12/28/10,4.1
12/29/10,4.19
12/30/10,4.22
12/31/10,4.22
1/3/11,4.54
1/4/11,4.61
1/5/11,4.52
1/6/11,4.49
1/7/11,4.42
1/10/11,4.49
1/11/11,4.42
1/12/11,4.55
1/13/11,4.48
1/14/11,4.38
1/18/11,4.52
1/19/11,4.48
1/20/11,4.57
1/21/11,4.72
1/24/11,4.72
1/25/11,4.46
1/26/11,4.4
1/27/11,4.41
1/28/11,4.27
1/31/11,4.42
2/1/11,4.42
2/2/11,4.55
2/3/11,4.69
2/4/11,4.48
2/7/11,4.32
2/8/11,4.24
2/9/11,4.22
2/10/11,4.11
2/11/11,3.96
2/14/11,3.89
2/15/11,3.92
2/16/11,3.93
2/17/11,3.9
2/18/11,3.84
2/22/11,3.89
2/23/11,3.83
2/24/11,3.83
2/25/11,3.81
2/28/11,3.93
3/1/11,3.93
3/2/11,3.79
3/3/11,3.75
3/4/11,3.7
3/7/11,3.73
3/8/11,3.83
3/9/11,3.81
3/10/11,3.87
3/11/11,3.78
3/14/11,3.9
3/15/11,3.81
3/16/11,3.86
3/17/11,3.85
3/18/11,3.98
3/21/11,3.99
3/22/11,4.05
3/23/11,4.18
3/24/11,4.27
3/25/11,4.13
3/28/11,4.35
3/29/11,4.27
3/30/11,4.25
3/31/11,4.32
4/1/11,4.32
4/4/11,4.21
4/5/11,4.22
4/6/11,4.17
4/7/11,4.12
4/8/11,4.05
4/11/11,4.05
4/12/11,4.08
4/13/11,4.14
4/14/11,4.12
4/15/11,4.21
4/18/11,4.23
4/19/11,4.19
4/20/11,4.33
4/21/11,4.33
4/25/11,4.37
4/26/11,4.32
4/27/11,4.35
4/28/11,4.38
4/29/11,4.51
5/2/11,4.6
5/3/11,4.6
5/4/11,4.59
5/5/11,4.49
5/6/11,4.24
5/9/11,4.28
5/10/11,4.19
5/11/11,4.23
5/12/11,4.1
5/13/11,4.09
5/16/11,4.21
5/17/11,4.25
5/18/11,4.15
5/19/11,4.1
5/20/11,4.05
5/23/11,4.27
5/24/11,4.37
5/25/11,4.36
5/26/11,4.37
5/27/11,4.36
5/31/11,4.63
6/1/11,4.62
6/2/11,4.64
6/3/11,4.72
6/6/11,4.83
6/7/11,4.83
6/8/11,4.83
6/9/11,4.92
6/10/11,4.72
6/13/11,4.75
6/14/11,4.59
6/15/11,4.53
6/16/11,4.54
6/17/11,4.39
6/20/11,4.33
6/21/11,4.37
6/22/11,4.42
6/23/11,4.31
6/24/11,4.2
6/27/11,4.25
6/28/11,4.34
6/29/11,4.4
6/30/11,4.28
7/1/11,4.33
7/5/11,4.4
7/6/11,4.34
7/7/11,4.25
7/8/11,4.19
7/11/11,4.35
7/12/11,4.38
7/13/11,4.43
7/14/11,4.42
7/15/11,4.49
7/18/11,4.6
7/19/11,4.6
7/20/11,4.64
7/21/11,4.58
7/22/11,4.46
7/25/11,4.45
7/26/11,4.43
7/27/11,4.46
7/28/11,4.41
7/29/11,4.26
8/1/11,4.29
8/2/11,4.3
8/3/11,4.26
8/4/11,4.2
8/5/11,4
8/8/11,4
8/9/11,4.06
8/10/11,4.09
8/11/11,4.06
8/12/11,4.17
8/15/11,4.05
8/16/11,4.03
8/17/11,3.98
8/18/11,3.98
8/19/11,3.99
8/22/11,3.97
8/23/11,4.01
8/24/11,4.1
8/25/11,4.01
8/26/11,3.96
8/29/11,3.93
8/30/11,3.85
8/31/11,3.97
9/1/11,4.18
9/2/11,4.12
9/6/11,3.93
9/7/11,3.96
9/8/11,3.99
9/9/11,3.96
9/12/11,3.92
9/13/11,3.96
9/14/11,4.01
9/15/11,4.04
9/16/11,3.84
9/19/11,3.78
9/20/11,3.84
9/21/11,3.78
9/22/11,3.72
9/23/11,3.74
9/26/11,3.8
9/27/11,3.92
9/28/11,3.88
9/29/11,3.77
9/30/11,3.68
10/3/11,3.57
10/4/11,3.56
10/5/11,3.63
10/6/11,3.49
10/7/11,3.4
10/10/11,3.41
10/11/11,3.52
10/12/11,3.54
10/13/11,3.42
10/14/11,3.49
10/17/11,3.72
10/18/11,3.63
10/19/11,3.59
10/20/11,3.61
10/21/11,3.54
10/24/11,3.61
10/25/11,3.62
10/26/11,3.65
10/27/11,3.59
10/28/11,3.63
10/31/11,3.66
11/1/11,3.49
11/2/11,3.39
11/3/11,3.39
11/4/11,3.44
11/7/11,3.35
11/8/11,3.42
11/9/11,3.55
11/10/11,3.48
11/11/11,3.29
11/14/11,3.17
11/15/11,3.12
11/16/11,3.11
11/17/11,3.11
11/18/11,3.01
11/21/11,2.94
11/22/11,3.06
11/23/11,2.84
11/25/11,2.84
11/28/11,3.09
11/29/11,3.39
11/30/11,3.53
12/1/11,3.49
12/2/11,3.35
12/5/11,3.38
12/6/11,3.43
12/7/11,3.45
12/8/11,3.42
12/9/11,3.29
12/12/11,3.13
12/13/11,3.12
12/14/11,3.08
12/15/11,3.05
12/16/11,3.01
12/19/11,3.03
12/20/11,3.06
12/21/11,3.05
12/22/11,3.08
12/23/11,2.97
12/27/11,3.09
12/28/11,3.07
12/29/11,3.03
12/30/11,2.98
1/3/12,2.97
1/4/12,2.96
1/5/12,2.91
1/6/12,2.85
1/9/12,2.89
1/10/12,2.97
1/11/12,2.81
1/12/12,2.7
1/13/12,2.67
1/17/12,2.51
1/18/12,2.49
1/19/12,2.36
1/20/12,2.23
1/23/12,2.39
1/24/12,2.6
1/25/12,2.61
1/26/12,2.68
1/27/12,2.59
1/30/12,2.71
1/31/12,2.51
2/1/12,2.32
2/2/12,2.3
2/3/12,2.4
2/6/12,2.46
2/7/12,2.6
2/8/12,2.48
2/9/12,2.5
2/10/12,2.51
2/13/12,2.42
2/14/12,2.48
2/15/12,2.54
2/16/12,2.47
2/17/12,2.67
2/21/12,2.63
2/22/12,2.6
2/23/12,2.68
2/24/12,2.6
2/27/12,2.55
2/28/12,2.44
2/29/12,2.44
3/1/12,2.45
3/2/12,2.38
3/5/12,2.31
3/6/12,2.3
3/7/12,2.24
3/8/12,2.24
3/9/12,2.21
3/12/12,2.17
3/13/12,2.15
3/14/12,2.13
3/15/12,2.07
3/16/12,2.01
3/19/12,2.14
3/20/12,2.19
3/21/12,2.21
3/22/12,2.19
3/23/12,2.07
3/26/12,2.16
3/27/12,2.09
3/28/12,2.05
3/29/12,2.02
3/30/12,2
4/2/12,1.88
4/3/12,1.94
4/4/12,2.06
4/5/12,1.98
4/9/12,1.99
4/10/12,1.99
4/11/12,1.91
4/12/12,1.87
4/13/12,1.87
4/16/12,1.88
4/17/12,1.89
4/18/12,1.87
4/19/12,1.85
4/20/12,1.82
4/23/12,1.89
4/24/12,1.97
4/25/12,1.99
4/26/12,2.1
4/27/12,2.05
4/30/12,2.1
5/1/12,2.29
5/2/12,2.31
5/3/12,2.29
5/4/12,2.3
5/7/12,2.3
5/8/12,2.27
5/9/12,2.36
5/10/12,2.36
5/11/12,2.37
5/14/12,2.41
5/15/12,2.38
5/16/12,2.5
5/17/12,2.6
5/18/12,2.56
5/21/12,2.6
5/22/12,2.55
5/23/12,2.6
5/24/12,2.66
5/25/12,2.56
5/29/12,2.5
5/30/12,2.39
5/31/12,2.34
6/1/12,2.24
6/4/12,2.32
6/5/12,2.39
6/6/12,2.41
6/7/12,2.33
6/8/12,2.22
6/11/12,2.22
6/12/12,2.17
6/13/12,2.18
6/14/12,2.2
6/15/12,2.44
6/18/12,2.45
6/19/12,2.59
6/20/12,2.6
6/21/12,2.48
6/22/12,2.5
6/25/12,2.7
6/26/12,2.7
6/27/12,2.87
6/28/12,2.81
6/29/12,2.74
7/2/12,2.73
7/3/12,2.78
7/5/12,2.9
7/6/12,2.94
7/9/12,2.79
7/10/12,2.87
7/11/12,2.72
7/12/12,2.83
7/13/12,2.88
7/16/12,2.92
7/17/12,2.83
7/18/12,2.84
7/19/12,2.99
7/20/12,3.03
7/23/12,3.05
7/24/12,3.16
7/25/12,3.19
7/26/12,3.13
7/27/12,3.1
7/30/12,3.14
7/31/12,3.2
8/1/12,3.2
8/2/12,3.16
8/3/12,2.91
8/6/12,2.9
8/7/12,2.99
8/8/12,2.97
8/9/12,2.89
8/10/12,2.84
8/13/12,2.77
8/14/12,2.79
8/15/12,2.82
8/16/12,2.78
8/17/12,2.7
8/20/12,2.75
8/21/12,2.8
8/22/12,2.8
8/23/12,2.81
8/24/12,2.81
8/27/12,2.8
8/28/12,2.71
8/29/12,2.64
8/30/12,2.72
8/31/12,2.72
9/4/12,2.81
9/5/12,2.87
9/6/12,2.85
9/7/12,2.73
9/10/12,2.66
9/11/12,2.82
9/12/12,2.96
9/13/12,3.01
9/14/12,2.94
9/17/12,2.83
9/18/12,2.74
9/19/12,2.7
9/20/12,2.76
9/21/12,2.76
9/24/12,2.82
9/25/12,2.84
9/26/12,2.92
9/27/12,3.01
9/28/12,3.08
10/1/12,3.19
10/2/12,3.21
10/3/12,3.21
10/4/12,3.23
10/5/12,3.26
10/8/12,3.18
10/9/12,3.18
10/10/12,3.26
10/11/12,3.28
10/12/12,3.38
10/15/12,3.35
10/16/12,3.27
10/17/12,3.24
10/18/12,3.28
10/19/12,3.43
10/22/12,3.49
10/23/12,3.34
10/24/12,3.43
10/25/12,3.39
10/26/12,3.38
10/29/12,3.4
10/30/12,3.42
10/31/12,3.5
11/1/12,3.5
11/2/12,3.4
11/5/12,3.34
11/6/12,3.41
11/7/12,3.47
11/8/12,3.45
11/9/12,3.33
11/12/12,3.4
11/13/12,3.57
11/14/12,3.66
11/15/12,3.63
11/16/12,3.46
11/19/12,3.63
11/20/12,3.62
11/21/12,3.59
11/23/12,3.59
11/26/12,3.75
11/27/12,3.77
11/28/12,3.71
11/29/12,3.61
11/30/12,3.46
12/3/12,3.44
12/4/12,3.38
12/5/12,3.41
12/6/12,3.48
12/7/12,3.33
12/10/12,3.35
12/11/12,3.39
12/12/12,3.33
12/13/12,3.27
12/14/12,3.15
12/17/12,3.2
12/18/12,3.29
12/19/12,3.25
12/20/12,3.35
12/21/12,3.42
12/24/12,3.3
12/26/12,3.35
12/27/12,3.31
12/28/12,3.4
12/31/12,3.43
1/2/13,3.3
1/3/13,3.19
1/4/13,3.2
1/7/13,3.3
1/8/13,3.21
1/9/13,3.14
1/10/13,3.08
1/11/13,3.18
1/14/13,3.39
1/15/13,3.4
1/16/13,3.43
1/17/13,3.44
1/18/13,3.54
1/22/13,3.63
1/23/13,3.53
1/24/13,3.56
1/25/13,3.42
1/28/13,3.25
1/29/13,3.14
1/30/13,3.24
1/31/13,3.33
2/1/13,3.34
2/4/13,3.27
2/5/13,3.34
2/6/13,3.41
2/7/13,3.39
2/8/13,3.26
2/11/13,3.2
2/12/13,3.3
2/13/13,3.29
2/14/13,3.3
2/15/13,3.19
2/19/13,3.23
2/20/13,3.34
2/21/13,3.29
2/22/13,3.27
2/25/13,3.42
2/26/13,3.46
2/27/13,3.49
2/28/13,3.48
3/1/13,3.54
3/4/13,3.53
3/5/13,3.63
3/6/13,3.57
3/7/13,3.54
3/8/13,3.57
3/11/13,3.64
3/12/13,3.71
3/13/13,3.72
3/14/13,3.74
3/15/13,3.89
3/18/13,3.98
3/19/13,3.96
3/20/13,3.97
3/21/13,4.01
3/22/13,4.01
3/25/13,4.08
3/26/13,3.99
3/27/13,4.08
3/28/13,4.03
4/1/13,3.97
4/2/13,4.07
4/3/13,4
4/4/13,3.94
4/5/13,3.98
4/8/13,4.18
4/9/13,4.08
4/10/13,4.07
4/11/13,4.11
4/12/13,4.21
4/15/13,4.23
4/16/13,4.19
4/17/13,4.24
4/18/13,4.23
4/19/13,4.38
4/22/13,4.33
4/23/13,4.27
4/24/13,4.25
4/25/13,4.19
4/26/13,4.16
4/29/13,4.28
4/30/13,4.3
5/1/13,4.31
5/2/13,4.28
5/3/13,3.98
5/6/13,3.93
5/7/13,3.88
5/8/13,3.86
5/9/13,3.87
5/10/13,3.9
5/13/13,3.87
5/14/13,3.93
5/15/13,4.03
5/16/13,4.01
5/17/13,3.89
5/20/13,4.1
5/21/13,4.13
5/22/13,4.16
5/23/13,4.15
5/24/13,4.15
5/28/13,4.19
5/29/13,4.15
5/30/13,4.12
5/31/13,4.02
6/3/13,4
6/4/13,4
6/5/13,3.99
6/6/13,3.93
6/7/13,3.79
6/10/13,3.85
6/11/13,3.77
6/12/13,3.74
6/13/13,3.73
6/14/13,3.76
6/17/13,3.78
6/18/13,3.9
6/19/13,3.93
6/20/13,3.9
6/21/13,3.85
6/24/13,3.81
6/25/13,3.77
6/26/13,3.72
6/27/13,3.73
6/28/13,3.57
7/1/13,3.52
7/2/13,3.58
7/3/13,3.54
7/5/13,3.52
7/8/13,3.65
7/9/13,3.69
7/10/13,3.69
7/11/13,3.64
7/12/13,3.61
7/15/13,3.67
7/16/13,3.69
7/17/13,3.67
7/18/13,3.66
7/19/13,3.78
7/22/13,3.71
7/23/13,3.68
7/24/13,3.7
7/25/13,3.68
7/26/13,3.59
7/29/13,3.49
7/30/13,3.48
7/31/13,3.46
8/1/13,3.44
8/2/13,3.39
8/5/13,3.33
8/6/13,3.35
8/7/13,3.32
8/8/13,3.27
8/9/13,3.32
8/12/13,3.34
8/13/13,3.34
8/14/13,3.36
8/15/13,3.34
8/16/13,3.35
8/19/13,3.46
8/20/13,3.48
8/21/13,3.51
8/22/13,3.52
8/23/13,3.5
8/26/13,3.55
8/27/13,3.5
8/28/13,3.54
8/29/13,3.58
8/30/13,3.57
9/3/13,3.64
9/4/13,3.68
9/5/13,3.7
9/6/13,3.55
9/9/13,3.62
9/10/13,3.65
9/11/13,3.6
9/12/13,3.57
9/13/13,3.6
9/16/13,3.64
9/17/13,3.77
9/18/13,3.72
9/19/13,3.73
9/20/13,3.68
9/23/13,3.66
9/24/13,3.59
9/25/13,3.52
9/26/13,3.49
9/27/13,3.51
9/30/13,3.48
10/1/13,3.56
10/2/13,3.63
10/3/13,3.58
10/4/13,3.57
10/7/13,3.62
10/8/13,3.72
10/9/13,3.7
10/10/13,3.74
10/11/13,3.74
10/14/13,3.82
10/15/13,3.83
10/16/13,3.84
10/17/13,3.75
10/18/13,3.72
10/21/13,3.77
10/22/13,3.7
10/23/13,3.66
10/24/13,3.65
10/25/13,3.69
10/28/13,3.61
10/29/13,3.57
10/30/13,3.55
10/31/13,3.57
11/1/13,3.45
11/4/13,3.38
11/5/13,3.37
11/6/13,3.46
11/7/13,3.59
11/8/13,3.54
11/11/13,3.62
11/12/13,3.69
11/13/13,3.69
11/14/13,3.52
11/15/13,3.56
11/18/13,3.71
11/19/13,3.63
11/20/13,3.63
11/21/13,3.68
11/22/13,3.78
11/25/13,3.85
11/26/13,3.87
11/27/13,3.87
11/29/13,3.87
12/2/13,3.85
12/3/13,3.84
12/4/13,3.89
12/5/13,3.97
12/6/13,4.15
12/9/13,4.24
12/10/13,4.24
12/11/13,4.24
12/12/13,4.4
12/13/13,4.44
12/16/13,4.21
12/17/13,4.2
12/18/13,4.25
12/19/13,4.25
12/20/13,4.35
12/23/13,4.52
12/24/13,4.52
12/26/13,4.4
12/27/13,4.34
12/30/13,4.41
12/31/13,4.31
1/2/14,4.32
1/3/14,4.39
1/6/14,4.5
1/7/14,4.58
1/8/14,4.36
1/9/14,4.15
1/10/14,3.95
1/13/14,4.19
1/14/14,4.36
1/15/14,4.45
1/16/14,4.55
1/17/14,4.39
1/21/14,4.61
1/22/14,4.92
1/23/14,5.64
1/24/14,5.17
1/27/14,5.66
1/28/14,5.25
1/29/14,5.23
1/30/14,5.27
1/31/14,5.04
2/3/14,5.04
2/4/14,5.78
2/5/14,8.12
2/6/14,6.9
2/7/14,5.92
2/10/14,8.15
2/11/14,7.75
2/12/14,5.96
2/13/14,5.34
2/14/14,5.54
2/18/14,5.8
2/19/14,6
2/20/14,5.96
2/21/14,6.24
2/24/14,6.08
2/25/14,5.21
2/26/14,4.81
2/27/14,4.61
2/28/14,4.8
3/3/14,7.09
3/4/14,7.98
3/5/14,6.46
3/6/14,4.89
3/7/14,4.78
3/10/14,4.67
3/11/14,4.67
3/12/14,4.72
3/13/14,4.41
3/14/14,4.4
3/17/14,4.57
3/18/14,4.42
3/19/14,4.43
3/20/14,4.39
3/21/14,4.33
3/24/14,4.42
3/25/14,4.53
3/26/14,4.44
3/27/14,4.39
3/28/14,4.5
3/31/14,4.48
4/1/14,4.39
4/2/14,4.39
4/3/14,4.51
4/4/14,4.49
4/7/14,4.58
4/8/14,4.57
4/9/14,4.67
4/10/14,4.67
4/11/14,4.67
4/14/14,4.64
4/15/14,4.69
4/16/14,4.64
4/17/14,4.64
4/21/14,4.76
4/22/14,4.76
4/23/14,4.81
4/24/14,4.81
4/25/14,4.83
4/28/14,4.72
4/29/14,4.78
4/30/14,4.79
5/1/14,4.79
5/2/14,4.73
5/5/14,4.73
5/6/14,4.8
5/7/14,4.82
5/8/14,4.77
5/9/14,4.59
5/12/14,4.52
5/13/14,4.47
5/14/14,4.47
5/15/14,4.42
5/16/14,4.42
5/19/14,4.54
5/20/14,4.53
5/21/14,4.57
5/22/14,4.57
5/23/14,4.4
5/27/14,4.4
5/28/14,4.56
5/29/14,4.63
5/30/14,4.49
6/2/14,4.49
6/3/14,4.62
6/4/14,4.62
6/5/14,4.66
6/6/14,4.66
6/9/14,4.67
6/10/14,4.67
6/11/14,4.51
6/12/14,4.51
6/13/14,4.7
6/16/14,4.71
6/17/14,4.68
6/18/14,4.68
6/19/14,4.67
6/20/14,4.53
6/23/14,4.53
6/24/14,4.49
6/25/14,4.58
6/26/14,4.58
6/27/14,4.39
6/30/14,4.39
7/1/14,4.47
7/2/14,4.47
7/3/14,4.31
7/7/14,4.31
7/8/14,4.18
7/9/14,4.17
7/10/14,4.15
7/11/14,4.13
7/14/14,4.13
7/15/14,4.13
7/16/14,4.16
7/17/14,4.04
7/18/14,4.08
7/21/14,3.87
7/22/14,3.81
7/23/14,3.83
7/24/14,3.83
7/25/14,3.86
7/28/14,3.84
7/29/14,3.79
7/30/14,3.78
7/31/14,3.78
8/1/14,3.77
8/4/14,3.87
8/5/14,3.87
8/6/14,3.92
8/7/14,3.99
8/8/14,3.94
8/11/14,4
8/12/14,3.94
8/13/14,3.9
8/14/14,3.85
8/15/14,3.8
8/18/14,3.78
8/19/14,3.84
8/20/14,3.88
8/21/14,3.88
8/22/14,3.88
8/25/14,3.94
8/26/14,3.99
8/27/14,4.02
8/28/14,4.06
8/29/14,4.04
9/2/14,4.01
9/3/14,3.94
9/4/14,3.91
9/5/14,3.86
9/8/14,3.86
9/9/14,3.93
9/10/14,3.98
9/11/14,3.94
9/12/14,3.82
9/15/14,3.92
9/16/14,3.85
9/17/14,3.97
9/18/14,3.99
9/19/14,3.99
9/22/14,3.88
9/23/14,3.9
9/24/14,3.84
9/25/14,3.89
9/26/14,3.89
9/29/14,3.89
9/30/14,4.14
10/1/14,4.14
10/2/14,4
10/3/14,3.94
10/6/14,3.89
10/7/14,3.88
10/8/14,3.88
10/9/14,3.87
10/10/14,3.86
10/13/14,3.87
10/14/14,3.91
10/15/14,3.81
10/16/14,3.8
10/17/14,3.73
10/20/14,3.69
10/21/14,3.62
10/22/14,3.69
10/23/14,3.6
10/24/14,3.53
10/27/14,3.56
10/28/14,3.53
10/29/14,3.6
10/30/14,3.76
10/31/14,3.82
11/3/14,3.82
11/4/14,3.67
11/5/14,3.83
11/6/14,3.92
11/7/14,3.92
11/10/14,4.18
11/11/14,4.18
11/12/14,4.2
11/13/14,4.2
11/14/14,4.05
11/17/14,4.26
11/18/14,4.33
11/19/14,4.41
11/20/14,4.41
11/21/14,4.32
11/24/14,4.09
11/25/14,4.09
11/26/14,4.15
11/28/14,4.3
12/1/14,4.3
12/2/14,3.77
12/3/14,3.63
12/4/14,3.63
12/5/14,3.42
12/8/14,3.42
12/9/14,3.63
12/10/14,3.65
12/11/14,3.68
12/12/14,3.91
12/15/14,3.72
12/16/14,3.58
12/17/14,3.72
12/18/14,3.71
12/19/14,3.71
12/22/14,3.05
12/23/14,2.99
12/24/14,2.99
12/26/14,2.74
12/29/14,3.07
12/30/14,3.14
12/31/14,3.14
1/2/15,3.01
1/5/15,3.22
1/6/15,2.98
1/7/15,3.08
1/8/15,2.92
1/9/15,2.96
1/12/15,2.9
1/13/15,2.92
1/14/15,3.15
1/15/15,3.32
1/16/15,3.11
1/20/15,2.94
1/21/15,2.94
1/22/15,2.95
1/23/15,2.96
1/26/15,2.92
1/27/15,2.96
1/28/15,2.89
1/29/15,2.88
1/30/15,2.88
2/2/15,2.88
2/3/15,2.67
2/4/15,2.73
2/5/15,2.66
2/6/15,2.66
2/9/15,2.62
2/10/15,2.67
2/11/15,2.86
2/12/15,2.86
2/13/15,2.75
2/17/15,2.75
2/18/15,2.92
2/19/15,2.92
2/20/15,3.02
2/23/15,3.22
2/24/15,3.22
2/25/15,3.21
2/26/15,3.21
2/27/15,2.79
3/2/15,2.79
3/3/15,3
3/4/15,3.27
3/5/15,3.27
3/6/15,2.89
3/9/15,2.75
3/10/15,2.76
3/11/15,2.76
3/12/15,2.82
3/13/15,2.72
3/16/15,2.68
3/17/15,2.82
3/18/15,2.8
3/19/15,2.86
3/20/15,2.86
3/23/15,2.72
3/24/15,2.79
3/25/15,2.77
3/26/15,2.77
3/27/15,2.89
3/30/15,2.64
3/31/15,2.65
4/1/15,2.62
4/2/15,2.63
4/6/15,2.63
4/7/15,2.71
4/8/15,2.71
4/9/15,2.72
4/10/15,2.58
4/13/15,2.58
4/14/15,2.58
4/15/15,2.62
4/16/15,2.61
4/17/15,2.67
4/20/15,2.57
4/21/15,2.59
4/22/15,2.63
4/23/15,2.59
4/24/15,2.59
4/27/15,2.5
4/28/15,2.55
4/29/15,2.55
4/30/15,2.56
5/1/15,2.68
5/4/15,2.72
5/5/15,2.76
5/6/15,2.76
5/7/15,2.74
5/8/15,2.78
5/11/15,2.85
5/12/15,2.85
5/13/15,2.85
5/14/15,2.87
5/15/15,2.96
5/18/15,3.01
5/19/15,3.01
5/20/15,3.04
5/21/15,2.96
5/22/15,2.96
5/26/15,2.82
5/27/15,2.82
5/28/15,2.78
5/29/15,2.78
6/1/15,2.78
6/2/15,2.63
6/3/15,2.65
6/4/15,2.6
6/5/15,2.6
6/8/15,2.6
6/9/15,2.72
6/10/15,2.81
6/11/15,2.88
6/12/15,2.88
6/15/15,2.89
6/16/15,2.94
6/17/15,2.93
6/18/15,2.93
6/19/15,2.81
6/22/15,2.79
6/23/15,2.83
6/24/15,2.83
6/25/15,2.8
6/26/15,2.77
6/29/15,2.77
6/30/15,2.8
7/1/15,2.78
7/2/15,2.79
7/3/15,2.79
7/6/15,2.79
7/7/15,2.77
7/8/15,2.77
7/9/15,2.7
7/10/15,2.7
7/13/15,2.88
7/14/15,2.88
7/15/15,2.93
7/16/15,2.9
7/17/15,2.88
7/20/15,2.88
7/21/15,2.84
7/22/15,2.84
7/23/15,2.92
7/24/15,2.92
7/27/15,2.92
7/28/15,2.89
7/29/15,2.91
7/30/15,2.87
7/31/15,2.76
8/3/15,2.76
8/4/15,2.83
8/5/15,2.85
8/6/15,2.76
8/7/15,2.76
8/10/15,2.85
8/11/15,2.84
8/12/15,2.93
8/13/15,2.93
8/14/15,2.83
8/17/15,2.79
8/18/15,2.71
8/19/15,2.77
8/20/15,2.77
8/21/15,2.7
8/24/15,2.65
8/25/15,2.71
8/26/15,2.73
8/27/15,2.69
8/28/15,2.69
8/31/15,2.7
9/1/15,2.7
9/2/15,2.7
9/3/15,2.67
9/4/15,2.67
9/7/15,2.67
9/8/15,2.74
9/9/15,2.74
9/10/15,2.71
9/11/15,2.67
9/14/15,2.7
9/15/15,2.74
9/16/15,2.69
9/17/15,2.69
9/18/15,2.69
9/21/15,2.61
9/22/15,2.61
9/23/15,2.62
9/24/15,2.62
9/25/15,2.6
9/28/15,2.66
9/29/15,2.57
9/30/15,2.47
10/1/15,2.37
10/2/15,2.37
10/5/15,2.34
10/6/15,2.35
10/7/15,2.35
10/8/15,2.35
10/9/15,2.49
10/12/15,2.48
10/13/15,2.47
10/14/15,2.47
10/15/15,2.54
10/16/15,2.42
10/19/15,2.43
10/20/15,2.46
10/21/15,2.37
10/22/15,2.37
10/23/15,2.28
10/26/15,2.18
10/27/15,2.14
10/28/15,2.14
10/29/15,2.15
10/30/15,1.98
11/2/15,1.92
11/3/15,1.92
11/4/15,2.04
11/5/15,2.04
11/6/15,2.19
11/9/15,2.19
11/10/15,2.14
11/11/15,2.13
11/12/15,2.05
11/13/15,2.02
11/16/15,2.02
11/17/15,2.05
11/18/15,2.1
11/19/15,2.1
11/20/15,2.18
11/23/15,2.18
11/24/15,2.14
11/25/15,2.14
11/26/15,2.14
11/27/15,2.14
11/30/15,2.11
12/1/15,2.11
12/2/15,2.19
12/3/15,2.14
12/4/15,2.1
12/7/15,2.06
12/8/15,2.01
12/9/15,2
12/10/15,1.95
12/11/15,1.79
12/14/15,1.7
12/15/15,1.66
12/16/15,1.7
12/17/15,1.79
12/18/15,1.74
12/21/15,1.76
12/22/15,1.73
12/23/15,1.63
12/24/15,1.63
12/25/15,1.63
12/28/15,2.11
12/29/15,2.39
12/30/15,2.28
12/31/15,2.28
1/1/16,2.28
1/4/16,2.39
1/5/16,2.33
1/6/16,2.37
1/7/16,2.35
1/8/16,2.47
1/11/16,2.54
1/12/16,2.4
1/13/16,2.28
1/14/16,2.21
1/15/16,2.18
1/18/16,2.18
1/19/16,2.23
1/20/16,2.18
1/21/16,2.22
1/22/16,2.21
1/25/16,2.16
1/26/16,2.26
1/27/16,2.26
1/28/16,2.15
1/29/16,2.28
2/1/16,2.28
2/2/16,2.07
2/3/16,2.06
2/4/16,2.07
2/5/16,2.08
2/8/16,2.23
2/9/16,2.17
2/10/16,2.16
2/11/16,2.15
2/12/16,2.08
2/15/16,2.08
2/16/16,1.95
2/17/16,1.93
2/18/16,1.89
2/19/16,1.83
2/22/16,1.86
2/23/16,1.85
2/24/16,1.85
2/25/16,1.78
2/26/16,1.78
2/29/16,1.62
3/1/16,1.57
3/2/16,1.6
3/3/16,1.59
3/4/16,1.49
3/7/16,1.56
3/8/16,1.6
3/9/16,1.61
3/10/16,1.72
3/11/16,1.74
3/14/16,1.68
3/15/16,1.81
3/16/16,1.77
3/17/16,1.84
3/18/16,1.84
3/21/16,1.79
3/22/16,1.79
3/23/16,1.79
3/24/16,1.78
3/25/16,1.78
3/28/16,1.78
3/29/16,1.77
3/30/16,1.87
3/31/16,1.98
4/1/16,1.88
4/4/16,1.96
4/5/16,1.96
4/6/16,1.91
4/7/16,1.96
4/8/16,1.99
4/11/16,1.9
4/12/16,1.97
4/13/16,2.01
4/14/16,1.93
4/15/16,1.71
4/18/16,1.76
4/19/16,1.94
4/20/16,1.94
4/21/16,1.96
4/22/16,1.92
4/25/16,1.97
4/26/16,1.97
4/27/16,1.88
4/28/16,1.88
4/29/16,1.89
5/2/16,1.91
5/3/16,1.94
5/4/16,2.03
5/5/16,2.05
5/6/16,1.86
5/9/16,2.01
5/10/16,2.01
5/11/16,2.01
5/12/16,2.01
5/13/16,1.96
5/16/16,1.91
5/17/16,1.97
5/18/16,1.91
5/19/16,1.83
5/20/16,1.81
5/23/16,1.96
5/24/16,1.91
5/25/16,1.77
5/26/16,1.77
5/27/16,1.77
5/30/16,1.77
5/31/16,2.12
6/1/16,2.25
6/2/16,2.3
6/3/16,2.31
6/6/16,2.32
6/7/16,2.32
6/8/16,2.36
6/9/16,2.34
6/10/16,2.46
6/13/16,2.55
6/14/16,2.55
6/15/16,2.62
6/16/16,2.62
6/17/16,2.59
6/20/16,2.74
6/21/16,2.79
6/22/16,2.82
6/23/16,2.69
6/24/16,2.71
6/27/16,2.79
6/28/16,2.89
6/29/16,2.94
6/30/16,2.94
7/1/16,2.89
7/4/16,2.89
7/5/16,2.82
7/6/16,2.82
7/7/16,2.78
7/8/16,2.8
7/11/16,2.88
7/12/16,2.88
7/13/16,2.81
7/14/16,2.79
7/15/16,2.7
7/18/16,2.83
7/19/16,2.83
7/20/16,2.76
7/21/16,2.76
7/22/16,2.8
7/25/16,2.8
7/26/16,2.84
7/27/16,2.84
7/28/16,2.79
7/29/16,2.97
8/1/16,2.97
8/2/16,2.79
8/3/16,2.89
8/4/16,2.89
8/5/16,2.88
8/8/16,2.85
8/9/16,2.85
8/10/16,2.76
8/11/16,2.7
8/12/16,2.7
8/15/16,2.75
8/16/16,2.75
8/17/16,2.76
8/18/16,2.75
8/19/16,2.67
8/22/16,2.75
8/23/16,2.75
8/24/16,2.82
8/25/16,2.89
8/26/16,2.91
8/29/16,2.97
8/30/16,2.95
8/31/16,2.95
9/1/16,2.95
9/2/16,2.88
9/5/16,2.88
9/6/16,2.88
9/7/16,2.77
9/8/16,2.88
9/9/16,2.93
9/12/16,3.04
9/13/16,3.04
9/14/16,3.07
9/15/16,2.98
9/16/16,2.97
9/19/16,3
9/20/16,3.12
9/21/16,3.19
9/22/16,3.18
9/23/16,3.06
9/26/16,3.06
9/27/16,3.09
9/28/16,3.07
9/29/16,2.98
9/30/16,2.84
10/3/16,2.84
10/4/16,2.83
10/5/16,2.83
10/6/16,3.04
10/7/16,3.02
10/10/16,3.18
10/11/16,3.17
10/12/16,3.17
10/13/16,3.16
10/14/16,3.18
10/17/16,3.21
10/18/16,3.25
10/19/16,3.18
10/20/16,3.12
10/21/16,2.92
10/24/16,2.78
10/25/16,2.69
10/26/16,2.69
10/27/16,2.72
10/28/16,2.72
10/31/16,2.85
11/1/16,2.53
11/2/16,2.53
11/3/16,2.41
11/4/16,2.2
11/7/16,2.37
11/8/16,2.34
11/9/16,2.22
11/10/16,2.08
11/11/16,2.08
11/14/16,2.26
11/15/16,2.49
11/16/16,2.49
11/17/16,2.37
11/18/16,2.6
11/21/16,2.81
11/22/16,2.73
11/23/16,2.76
11/24/16,2.76
11/25/16,2.76
11/28/16,2.96
11/29/16,3.02
11/30/16,3.32
12/1/16,3.32
12/2/16,3.44
12/5/16,3.44
12/6/16,3.75
12/7/16,3.8
12/8/16,3.68
12/9/16,3.75
12/12/16,3.6
12/13/16,3.65
12/14/16,3.55
12/15/16,3.56
12/16/16,3.51
12/19/16,3.55
12/20/16,3.39
12/21/16,3.5
12/22/16,3.5
12/23/16,3.6
12/26/16,3.6
12/27/16,3.7
12/28/16,3.7
12/29/16,3.71
12/30/16,3.71
1/2/17,3.71
1/3/17,3.41
1/4/17,3.42
1/5/17,3.42
1/6/17,3.38
1/9/17,3.14
1/10/17,3.21
1/11/17,3.27
1/12/17,3.36
1/13/17,3.36
1/16/17,3.36
1/17/17,3.37
1/18/17,3.26
1/19/17,3.25
1/20/17,3.23
1/23/17,3.16
1/24/17,3.16
1/25/17,3.26
1/26/17,3.44
1/27/17,3.31
1/30/17,3.22
1/31/17,3
2/1/17,3.15
2/2/17,3.13
2/3/17,3.13
2/6/17,2.92
2/7/17,3.03
2/8/17,3.05
2/9/17,3.11
2/10/17,3.11
2/13/17,2.93
2/14/17,2.85
2/15/17,2.95
2/16/17,2.88
2/17/17,2.75
2/20/17,2.75
2/21/17,2.56
2/22/17,2.52
2/23/17,2.63
2/24/17,2.63
2/27/17,2.44
2/28/17,2.54
3/1/17,2.54
3/2/17,2.59
3/3/17,2.5
3/6/17,2.68
3/7/17,2.68
3/8/17,2.59
3/9/17,2.83
3/10/17,2.98
3/13/17,3.04
3/14/17,3.02
3/15/17,3.02
3/16/17,2.84
3/17/17,2.85
3/20/17,2.93
3/21/17,3.09
3/22/17,3.02
3/23/17,2.93
3/24/17,2.97
3/27/17,2.94
3/28/17,2.95
3/29/17,3.03
3/30/17,3.08
3/31/17,3.13
4/3/17,3.13
4/4/17,3.06
4/5/17,3.22
4/6/17,3.23
4/7/17,3.23
4/10/17,3.15
4/11/17,3.11
4/12/17,2.97
4/13/17,3
4/14/17,3
4/17/17,3.09
4/18/17,3.11
4/19/17,3.11
4/20/17,3.13
4/21/17,3.06
4/24/17,3.06
4/25/17,2.99
4/26/17,3.06
4/27/17,3.13
4/28/17,3.2
5/1/17,3.2
5/2/17,3.13
5/3/17,3.14
5/4/17,3.11
5/5/17,3.1
5/8/17,3.06
5/9/17,3.03
5/10/17,3.03
5/11/17,3.23
5/12/17,3.24
5/15/17,3.26
5/16/17,3.27
5/17/17,3.27
5/18/17,3.13
5/19/17,3.11
5/22/17,3.24
5/23/17,3.22
5/24/17,3.22
5/25/17,3.1
5/26/17,3.1
5/29/17,3.1
5/30/17,3.1
5/31/17,3.05
6/1/17,3.05
6/2/17,2.85
6/5/17,2.92
6/6/17,2.92
6/7/17,3.06
6/8/17,2.98
6/9/17,3.03
6/12/17,3.12
6/13/17,3.12
6/14/17,2.95
6/15/17,2.94
6/16/17,3.01
6/19/17,2.87
6/20/17,2.91
6/21/17,2.91
6/22/17,2.88
6/23/17,2.89
6/26/17,2.98
6/27/17,2.99
6/28/17,3.03
6/29/17,3.07
6/30/17,2.98
7/3/17,2.98
7/4/17,2.98
7/5/17,2.98
7/6/17,2.89
7/7/17,2.91
7/10/17,2.92
7/11/17,2.98
7/12/17,3.01
7/13/17,2.96
7/14/17,2.94
7/17/17,3.04
7/18/17,3.11
7/19/17,3.11
7/20/17,3.12
7/21/17,3.06
7/24/17,2.99
7/25/17,2.99
7/26/17,2.92
7/27/17,2.95
7/28/17,2.96
7/31/17,2.87
8/1/17,2.8
8/2/17,2.8
8/3/17,2.76
8/4/17,2.76
8/7/17,2.8
8/8/17,2.81
8/9/17,2.81
8/10/17,2.89
8/11/17,2.96
8/14/17,3.02
8/15/17,2.96
8/16/17,2.94
8/17/17,2.91
8/18/17,2.9
8/21/17,3
8/22/17,3
8/23/17,2.94
8/24/17,2.97
8/25/17,2.93
8/28/17,2.95
8/29/17,2.95
8/30/17,2.95
8/31/17,2.92
9/1/17,2.88
9/4/17,2.88
9/5/17,2.88
9/6/17,2.98
9/7/17,2.92
9/8/17,2.88
9/11/17,2.88
9/12/17,2.88
9/13/17,3.02
9/14/17,3.03
9/15/17,3
9/18/17,3.11
9/19/17,3.18
9/20/17,3.13
9/21/17,3.11
9/22/17,2.93
9/25/17,2.96
9/26/17,2.96
9/27/17,2.98
9/28/17,2.96
9/29/17,2.94
10/2/17,2.94
10/3/17,2.73
10/4/17,2.8
10/5/17,2.8
10/6/17,2.93
10/9/17,2.87
10/10/17,2.89
10/11/17,2.89
10/12/17,2.95
10/13/17,2.99
10/16/17,2.87
10/17/17,2.88
10/18/17,2.81
10/19/17,2.83
10/20/17,2.8
10/23/17,2.95
10/24/17,2.95
10/25/17,2.98
10/26/17,2.91
10/27/17,2.78
10/30/17,2.94