DATE,STLFSI
1993-12-31,0.178
1994-01-07,0.223
1994-01-14,0.166
1994-01-21,0.184
1994-01-28,0.159
1994-02-04,0.144
1994-02-11,0.251
1994-02-18,0.254
1994-02-25,0.346
1994-03-04,0.425
1994-03-11,0.458
1994-03-18,0.452
1994-03-25,0.492
1994-04-01,0.603
1994-04-08,0.736
1994-04-15,0.674
1994-04-22,0.707
1994-04-29,0.627
1994-05-06,0.703
1994-05-13,0.877
1994-05-20,0.711
1994-05-27,0.730
1994-06-03,0.765
1994-06-10,0.686
1994-06-17,0.699
1994-06-24,0.766
1994-07-01,0.893
1994-07-08,0.888
1994-07-15,0.807
1994-07-22,0.710
1994-07-29,0.689
1994-08-05,0.667
1994-08-12,0.739
1994-08-19,0.649
1994-08-26,0.657
1994-09-02,0.644
1994-09-09,0.696
1994-09-16,0.730
1994-09-23,0.737
1994-09-30,0.857
1994-10-07,0.887
1994-10-14,0.899
1994-10-21,0.875
1994-10-28,0.908
1994-11-04,0.886
1994-11-11,0.905
1994-11-18,0.888
1994-11-25,0.937
1994-12-02,0.914
1994-12-09,0.907
1994-12-16,0.934
1994-12-23,0.953
1994-12-30,0.968
1995-01-06,1.030
1995-01-13,0.928
1995-01-20,0.872
1995-01-27,0.876
1995-02-03,0.808
1995-02-10,0.785
1995-02-17,0.793
1995-02-24,0.775
1995-03-03,0.779
1995-03-10,0.886
1995-03-17,0.782
1995-03-24,0.763
1995-03-31,0.783
1995-04-07,0.790
1995-04-14,0.781
1995-04-21,0.772
1995-04-28,0.719
1995-05-05,0.693
1995-05-12,0.672
1995-05-19,0.651
1995-05-26,0.576
1995-06-02,0.607
1995-06-09,0.631
1995-06-16,0.702
1995-06-23,0.678
1995-06-30,0.724
1995-07-07,0.701
1995-07-14,0.598
1995-07-21,0.635
1995-07-28,0.724
1995-08-04,0.714
1995-08-11,0.668
1995-08-18,0.679
1995-08-25,0.641
1995-09-01,0.667
1995-09-08,0.607
1995-09-15,0.575
1995-09-22,0.599
1995-09-29,0.646
1995-10-06,0.609
1995-10-13,0.591
1995-10-20,0.580
1995-10-27,0.619
1995-11-03,0.531
1995-11-10,0.470
1995-11-17,0.478
1995-11-24,0.448
1995-12-01,0.409
1995-12-08,0.384
1995-12-15,0.386
1995-12-22,0.504
1995-12-29,0.471
1996-01-05,0.421
1996-01-12,0.469
1996-01-19,0.444
1996-01-26,0.410
1996-02-02,0.360
1996-02-09,0.384
1996-02-16,0.390
1996-02-23,0.479
1996-03-01,0.559
1996-03-08,0.589
1996-03-15,0.722
1996-03-22,0.692
1996-03-29,0.695
1996-04-05,0.717
1996-04-12,0.828
1996-04-19,0.800
1996-04-26,0.712
1996-05-03,0.771
1996-05-10,0.780
1996-05-17,0.671
1996-05-24,0.624
1996-05-31,0.679
1996-06-07,0.741
1996-06-14,0.764
1996-06-21,0.746
1996-06-28,0.729
1996-07-05,0.718
1996-07-12,0.766
1996-07-19,0.787
1996-07-26,0.808
1996-08-02,0.809
1996-08-09,0.641
1996-08-16,0.620
1996-08-23,0.620
1996-08-30,0.724
1996-09-06,0.833
1996-09-13,0.725
1996-09-20,0.708
1996-09-27,0.765
1996-10-04,0.767
1996-10-11,0.710
1996-10-18,0.649
1996-10-25,0.663
1996-11-01,0.632
1996-11-08,0.528
1996-11-15,0.490
1996-11-22,0.465
1996-11-29,0.499
1996-12-06,0.579
1996-12-13,0.672
1996-12-20,0.707
1996-12-27,0.623
1997-01-03,0.657
1997-01-10,0.678
1997-01-17,0.635
1997-01-24,0.618
1997-01-31,0.650
1997-02-07,0.605
1997-02-14,0.501
1997-02-21,0.499
1997-02-28,0.527
1997-03-07,0.578
1997-03-14,0.573
1997-03-21,0.616
1997-03-28,0.627
1997-04-04,0.788
1997-04-11,0.738
1997-04-18,0.733
1997-04-25,0.772
1997-05-02,0.725
1997-05-09,0.731
1997-05-16,0.704
1997-05-23,0.662
1997-05-30,0.719
1997-06-06,0.737
1997-06-13,0.677
1997-06-20,0.622
1997-06-27,0.624
1997-07-04,0.575
1997-07-11,0.516
1997-07-18,0.472
1997-07-25,0.458
1997-08-01,0.417
1997-08-08,0.422
1997-08-15,0.494
1997-08-22,0.496
1997-08-29,0.524
1997-09-05,0.586
1997-09-12,0.578
1997-09-19,0.525
1997-09-26,0.538
1997-10-03,0.522
1997-10-10,0.494
1997-10-17,0.539
1997-10-24,0.572
1997-10-31,0.735
1997-11-07,0.649
1997-11-14,0.704
1997-11-21,0.571
1997-11-28,0.539
1997-12-05,0.482
1997-12-12,0.529
1997-12-19,0.537
1997-12-26,0.482
1998-01-02,0.412
1998-01-09,0.457
1998-01-16,0.413
1998-01-23,0.438
1998-01-30,0.406
1998-02-06,0.357
1998-02-13,0.305
1998-02-20,0.286
1998-02-27,0.258
1998-03-06,0.374
1998-03-13,0.347
1998-03-20,0.264
1998-03-27,0.316
1998-04-03,0.379
1998-04-10,0.340
1998-04-17,0.340
1998-04-24,0.358
1998-05-01,0.456
1998-05-08,0.373
1998-05-15,0.342
1998-05-22,0.275
1998-05-29,0.352
1998-06-05,0.367
1998-06-12,0.314
1998-06-19,0.344
1998-06-26,0.357
1998-07-03,0.313
1998-07-10,0.281
1998-07-17,0.257
1998-07-24,0.308
1998-07-31,0.349
1998-08-07,0.409
1998-08-14,0.489
1998-08-21,0.519
1998-08-28,0.714
1998-09-04,0.945
1998-09-11,0.941
1998-09-18,0.979
1998-09-25,0.946
1998-10-02,1.066
1998-10-09,1.455
1998-10-16,1.508
1998-10-23,1.268
1998-10-30,1.084
1998-11-06,0.954
1998-11-13,1.036
1998-11-20,0.839
1998-11-27,0.581
1998-12-04,0.659
1998-12-11,0.702
1998-12-18,0.774
1998-12-25,0.677
1999-01-01,0.676
1999-01-08,0.651
1999-01-15,0.707
1999-01-22,0.691
1999-01-29,0.590
1999-02-05,0.589
1999-02-12,0.608
1999-02-19,0.618
1999-02-26,0.575
1999-03-05,0.677
1999-03-12,0.554
1999-03-19,0.527
1999-03-26,0.570
1999-04-02,0.570
1999-04-09,0.517
1999-04-16,0.547
1999-04-23,0.532
1999-04-30,0.488
1999-05-07,0.511
1999-05-14,0.552
1999-05-21,0.597
1999-05-28,0.663
1999-06-04,0.749
1999-06-11,0.783
1999-06-18,0.760
1999-06-25,0.745
1999-07-02,0.756
1999-07-09,0.759
1999-07-16,0.722
1999-07-23,0.781
1999-07-30,0.851
1999-08-06,0.915
1999-08-13,0.949
1999-08-20,0.900
1999-08-27,0.778
1999-09-03,0.892
1999-09-10,0.947
1999-09-17,0.964
1999-09-24,0.953
1999-10-01,1.051
1999-10-08,1.285
1999-10-15,1.271
1999-10-22,1.222
1999-10-29,1.176
1999-11-05,1.090
1999-11-12,0.958
1999-11-19,0.892
1999-11-26,0.900
1999-12-03,0.958
1999-12-10,0.935
1999-12-17,0.942
1999-12-24,0.932
1999-12-31,0.977
2000-01-07,1.017
2000-01-14,0.996
2000-01-21,0.953
2000-01-28,0.929
2000-02-04,0.944
2000-02-11,0.962
2000-02-18,0.921
2000-02-25,0.926
2000-03-03,0.889
2000-03-10,0.875
2000-03-17,0.906
2000-03-24,0.864
2000-03-31,0.987
2000-04-07,1.003
2000-04-14,1.077
2000-04-21,1.097
2000-04-28,1.155
2000-05-05,1.289
2000-05-12,1.311
2000-05-19,1.324
2000-05-26,1.403
2000-06-02,1.412
2000-06-09,1.251
2000-06-16,1.232
2000-06-23,1.235
2000-06-30,1.249
2000-07-07,1.136
2000-07-14,1.025
2000-07-21,0.991
2000-07-28,0.931
2000-08-04,0.919
2000-08-11,0.824
2000-08-18,0.809
2000-08-25,0.772
2000-09-01,0.763
2000-09-08,0.839
2000-09-15,0.883
2000-09-22,0.924
2000-09-29,0.914
2000-10-06,0.959
2000-10-13,1.076
2000-10-20,1.056
2000-10-27,1.009
2000-11-03,0.991
2000-11-10,1.026
2000-11-17,1.023
2000-11-24,1.044
2000-12-01,1.134
2000-12-08,1.179
2000-12-15,1.149
2000-12-22,1.376
2000-12-29,1.192
2001-01-05,1.197
2001-01-12,1.046
2001-01-19,0.942
2001-01-26,0.910
2001-02-02,0.846
2001-02-09,0.758
2001-02-16,0.773
2001-02-23,0.879
2001-03-02,0.831
2001-03-09,0.784
2001-03-16,0.901
2001-03-23,0.993
2001-03-30,1.007
2001-04-06,1.165
2001-04-13,1.133
2001-04-20,1.062
2001-04-27,1.004
2001-05-04,0.872
2001-05-11,0.791
2001-05-18,0.830
2001-05-25,0.793
2001-06-01,0.752
2001-06-08,0.655
2001-06-15,0.704
2001-06-22,0.681
2001-06-29,0.654
2001-07-06,0.642
2001-07-13,0.672
2001-07-20,0.660
2001-07-27,0.629
2001-08-03,0.547
2001-08-10,0.544
2001-08-17,0.558
2001-08-24,0.558
2001-08-31,0.538
2001-09-07,0.651
2001-09-14,0.975
2001-09-21,1.169
2001-09-28,0.977
2001-10-05,0.917
2001-10-12,0.866
2001-10-19,0.849
2001-10-26,0.743
2001-11-02,0.738
2001-11-09,0.661
2001-11-16,0.684
2001-11-23,0.726
2001-11-30,0.781
2001-12-07,0.754
2001-12-14,0.853
2001-12-21,0.853
2001-12-28,0.739
2002-01-04,0.714
2002-01-11,0.589
2002-01-18,0.557
2002-01-25,0.570
2002-02-01,0.568
2002-02-08,0.592
2002-02-15,0.534
2002-02-22,0.552
2002-03-01,0.525
2002-03-08,0.556
2002-03-15,0.588
2002-03-22,0.574
2002-03-29,0.584
2002-04-05,0.610
2002-04-12,0.573
2002-04-19,0.485
2002-04-26,0.446
2002-05-03,0.403
2002-05-10,0.420
2002-05-17,0.425
2002-05-24,0.432
2002-05-31,0.440
2002-06-07,0.514
2002-06-14,0.505
2002-06-21,0.557
2002-06-28,0.704
2002-07-05,0.694
2002-07-12,0.719
2002-07-19,0.812
2002-07-26,0.941
2002-08-02,0.870
2002-08-09,0.970
2002-08-16,0.872
2002-08-23,0.831
2002-08-30,0.782
2002-09-06,0.831
2002-09-13,0.778
2002-09-20,0.793
2002-09-27,0.862
2002-10-04,0.884
2002-10-11,0.940
2002-10-18,0.962
2002-10-25,0.928
2002-11-01,0.850
2002-11-08,0.778
2002-11-15,0.679
2002-11-22,0.593
2002-11-29,0.584
2002-12-06,0.622
2002-12-13,0.550
2002-12-20,0.533
2002-12-27,0.529
2003-01-03,0.553
2003-01-10,0.460
2003-01-17,0.404
2003-01-24,0.423
2003-01-31,0.485
2003-02-07,0.492
2003-02-14,0.501
2003-02-21,0.427
2003-02-28,0.361
2003-03-07,0.324
2003-03-14,0.354
2003-03-21,0.422
2003-03-28,0.350
2003-04-04,0.297
2003-04-11,0.225
2003-04-18,0.116
2003-04-25,0.042
2003-05-02,-0.029
2003-05-09,-0.093
2003-05-16,-0.103
2003-05-23,-0.058
2003-05-30,-0.080
2003-06-06,-0.078
2003-06-13,-0.136
2003-06-20,-0.145
2003-06-27,-0.127
2003-07-04,-0.072
2003-07-11,-0.103
2003-07-18,-0.082
2003-07-25,-0.023
2003-08-01,0.160
2003-08-08,0.197
2003-08-15,0.192
2003-08-22,0.092
2003-08-29,0.061
2003-09-05,0.057
2003-09-12,-0.014
2003-09-19,-0.107
2003-09-26,-0.095
2003-10-03,-0.089
2003-10-10,-0.089
2003-10-17,-0.111
2003-10-24,-0.153
2003-10-31,-0.197
2003-11-07,-0.169
2003-11-14,-0.182
2003-11-21,-0.196
2003-11-28,-0.252
2003-12-05,-0.194
2003-12-12,-0.229
2003-12-19,-0.263
2003-12-26,-0.230
2004-01-02,-0.237
2004-01-09,-0.313
2004-01-16,-0.406
2004-01-23,-0.425
2004-01-30,-0.350
2004-02-06,-0.340
2004-02-13,-0.451
2004-02-20,-0.505
2004-02-27,-0.533
2004-03-05,-0.565
2004-03-12,-0.552
2004-03-19,-0.517
2004-03-26,-0.498
2004-04-02,-0.504
2004-04-09,-0.435
2004-04-16,-0.398
2004-04-23,-0.381
2004-04-30,-0.329
2004-05-07,-0.267
2004-05-14,-0.218
2004-05-21,-0.235
2004-05-28,-0.317
2004-06-04,-0.297
2004-06-11,-0.383
2004-06-18,-0.319
2004-06-25,-0.339
2004-07-02,-0.334
2004-07-09,-0.359
2004-07-16,-0.389
2004-07-23,-0.394
2004-07-30,-0.369
2004-08-06,-0.346
2004-08-13,-0.390
2004-08-20,-0.403
2004-08-27,-0.433
2004-09-03,-0.471
2004-09-10,-0.510
2004-09-17,-0.539
2004-09-24,-0.547
2004-10-01,-0.524
2004-10-08,-0.471
2004-10-15,-0.493
2004-10-22,-0.551
2004-10-29,-0.540
2004-11-05,-0.569
2004-11-12,-0.621
2004-11-19,-0.638
2004-11-26,-0.679
2004-12-03,-0.597
2004-12-10,-0.678
2004-12-17,-0.653
2004-12-24,-0.657
2004-12-31,-0.645
2005-01-07,-0.607
2005-01-14,-0.639
2005-01-21,-0.636
2005-01-28,-0.627
2005-02-04,-0.685
2005-02-11,-0.723
2005-02-18,-0.729
2005-02-25,-0.721
2005-03-04,-0.666
2005-03-11,-0.652
2005-03-18,-0.573
2005-03-25,-0.515
2005-04-01,-0.477
2005-04-08,-0.505
2005-04-15,-0.491
2005-04-22,-0.502
2005-04-29,-0.494
2005-05-06,-0.454
2005-05-13,-0.413
2005-05-20,-0.402
2005-05-27,-0.516
2005-06-03,-0.543
2005-06-10,-0.535
2005-06-17,-0.511
2005-06-24,-0.545
2005-07-01,-0.562
2005-07-08,-0.504
2005-07-15,-0.545
2005-07-22,-0.588
2005-07-29,-0.626
2005-08-05,-0.577
2005-08-12,-0.561
2005-08-19,-0.563
2005-08-26,-0.573
2005-09-02,-0.535
2005-09-09,-0.550
2005-09-16,-0.498
2005-09-23,-0.449
2005-09-30,-0.408
2005-10-07,-0.364
2005-10-14,-0.340
2005-10-21,-0.392
2005-10-28,-0.380
2005-11-04,-0.369
2005-11-11,-0.377
2005-11-18,-0.381
2005-11-25,-0.389
2005-12-02,-0.364
2005-12-09,-0.356
2005-12-16,-0.307
2005-12-23,-0.362
2005-12-30,-0.365
2006-01-06,-0.457
2006-01-13,-0.532
2006-01-20,-0.529
2006-01-27,-0.509
2006-02-03,-0.500
2006-02-10,-0.493
2006-02-17,-0.528
2006-02-24,-0.593
2006-03-03,-0.575
2006-03-10,-0.465
2006-03-17,-0.482
2006-03-24,-0.498
2006-03-31,-0.428
2006-04-07,-0.407
2006-04-14,-0.349
2006-04-21,-0.381
2006-04-28,-0.392
2006-05-05,-0.387
2006-05-12,-0.403
2006-05-19,-0.321
2006-05-26,-0.261
2006-06-02,-0.261
2006-06-09,-0.248
2006-06-16,-0.174
2006-06-23,-0.133
2006-06-30,-0.157
2006-07-07,-0.197
2006-07-14,-0.195
2006-07-21,-0.195
2006-07-28,-0.262
2006-08-04,-0.298
2006-08-11,-0.341
2006-08-18,-0.398
2006-08-25,-0.425
2006-09-01,-0.415
2006-09-08,-0.367
2006-09-15,-0.372
2006-09-22,-0.374
2006-09-29,-0.360
2006-10-06,-0.382
2006-10-13,-0.427
2006-10-20,-0.473
2006-10-27,-0.504
2006-11-03,-0.504
2006-11-10,-0.524
2006-11-17,-0.525
2006-11-24,-0.528
2006-12-01,-0.500
2006-12-08,-0.488
2006-12-15,-0.488
2006-12-22,-0.497
2006-12-29,-0.491
2007-01-05,-0.491
2007-01-12,-0.539
2007-01-19,-0.571
2007-01-26,-0.583
2007-02-02,-0.573
2007-02-09,-0.617
2007-02-16,-0.627
2007-02-23,-0.670
2007-03-02,-0.535
2007-03-09,-0.520
2007-03-16,-0.481
2007-03-23,-0.530
2007-03-30,-0.502
2007-04-06,-0.497
2007-04-13,-0.511
2007-04-20,-0.530
2007-04-27,-0.531
2007-05-04,-0.483
2007-05-11,-0.499
2007-05-18,-0.448
2007-05-25,-0.459
2007-06-01,-0.402
2007-06-08,-0.310
2007-06-15,-0.135
2007-06-22,-0.187
2007-06-29,-0.166
2007-07-06,-0.257
2007-07-13,-0.232
2007-07-20,-0.258
2007-07-27,-0.091
2007-08-03,0.070
2007-08-10,0.242
2007-08-17,0.746
2007-08-24,0.979
2007-08-31,0.780
2007-09-07,0.867
2007-09-14,1.037
2007-09-21,0.714
2007-09-28,0.603
2007-10-05,0.516
2007-10-12,0.355
2007-10-19,0.401
2007-10-26,0.404
2007-11-02,0.333
2007-11-09,0.629
2007-11-16,0.758
2007-11-23,0.966
2007-11-30,1.225
2007-12-07,1.294
2007-12-14,1.348
2007-12-21,1.233
2007-12-28,1.008
2008-01-04,0.869
2008-01-11,0.798
2008-01-18,0.592
2008-01-25,0.905
2008-02-01,0.718
2008-02-08,0.729
2008-02-15,0.696
2008-02-22,0.782
2008-02-29,0.872
2008-03-07,1.219
2008-03-14,1.264
2008-03-21,1.397
2008-03-28,1.160
2008-04-04,1.075
2008-04-11,1.066
2008-04-18,1.254
2008-04-25,1.213
2008-05-02,0.989
2008-05-09,0.755
2008-05-16,0.650
2008-05-23,0.582
2008-05-30,0.664
2008-06-06,0.739
2008-06-13,0.885
2008-06-20,0.882
2008-06-27,0.991
2008-07-04,0.998
2008-07-11,1.060
2008-07-18,1.290
2008-07-25,1.173
2008-08-01,1.136
2008-08-08,1.082
2008-08-15,1.004
2008-08-22,1.051
2008-08-29,1.047
2008-09-05,1.111
2008-09-12,1.258
2008-09-19,2.353
2008-09-26,2.706
2008-10-03,3.764
2008-10-10,4.968
2008-10-17,5.245
2008-10-24,4.457
2008-10-31,4.658
2008-11-07,3.916
2008-11-14,3.733
2008-11-21,4.292
2008-11-28,4.330
2008-12-05,4.326
2008-12-12,4.199
2008-12-19,3.683
2008-12-26,3.302
2009-01-02,3.239
2009-01-09,2.828
2009-01-16,2.509
2009-01-23,2.760
2009-01-30,2.947
2009-02-06,2.646
2009-02-13,2.592
2009-02-20,2.704
2009-02-27,2.839
2009-03-06,3.046
2009-03-13,2.990
2009-03-20,2.755
2009-03-27,2.578
2009-04-03,2.424
2009-04-10,2.335
2009-04-17,2.150
2009-04-24,2.141
2009-05-01,2.013
2009-05-08,1.733
2009-05-15,1.577
2009-05-22,1.408
2009-05-29,1.466
2009-06-05,1.398
2009-06-12,1.289
2009-06-19,1.281
2009-06-26,1.212
2009-07-03,1.061
2009-07-10,0.981
2009-07-17,0.937
2009-07-24,0.817
2009-07-31,0.707
2009-08-07,0.598
2009-08-14,0.564
2009-08-21,0.503
2009-08-28,0.405
2009-09-04,0.401
2009-09-11,0.243
2009-09-18,0.145
2009-09-25,0.051
2009-10-02,0.028
2009-10-09,-0.010
2009-10-16,-0.023
2009-10-23,-0.085
2009-10-30,0.002
2009-11-06,0.002
2009-11-13,-0.153
2009-11-20,-0.220
2009-11-27,-0.260
2009-12-04,-0.246
2009-12-11,-0.229
2009-12-18,-0.274
2009-12-25,-0.269
2010-01-01,-0.270
2010-01-08,-0.341
2010-01-15,-0.447
2010-01-22,-0.433
2010-01-29,-0.368
2010-02-05,-0.375
2010-02-12,-0.300
2010-02-19,-0.350
2010-02-26,-0.427
2010-03-05,-0.488
2010-03-12,-0.557
2010-03-19,-0.580
2010-03-26,-0.510
2010-04-02,-0.502
2010-04-09,-0.529
2010-04-16,-0.585
2010-04-23,-0.620
2010-04-30,-0.541
2010-05-07,-0.336
2010-05-14,-0.253
2010-05-21,-0.068
2010-05-28,0.037
2010-06-04,0.025
2010-06-11,0.060
2010-06-18,-0.087
2010-06-25,-0.182
2010-07-02,-0.134
2010-07-09,-0.208
2010-07-16,-0.299
2010-07-23,-0.348
2010-07-30,-0.436
2010-08-06,-0.498
2010-08-13,-0.492
2010-08-20,-0.481
2010-08-27,-0.450
2010-09-03,-0.458
2010-09-10,-0.503
2010-09-17,-0.552
2010-09-24,-0.629
2010-10-01,-0.676
2010-10-08,-0.682
2010-10-15,-0.762
2010-10-22,-0.729
2010-10-29,-0.705
2010-11-05,-0.736
2010-11-12,-0.736
2010-11-19,-0.633
2010-11-26,-0.656
2010-12-03,-0.589
2010-12-10,-0.592
2010-12-17,-0.544
2010-12-24,-0.631
2010-12-31,-0.618
2011-01-07,-0.643
2011-01-14,-0.717
2011-01-21,-0.712
2011-01-28,-0.734
2011-02-04,-0.692
2011-02-11,-0.698
2011-02-18,-0.717
2011-02-25,-0.692
2011-03-04,-0.713
2011-03-11,-0.702
2011-03-18,-0.615
2011-03-25,-0.717
2011-04-01,-0.728
2011-04-08,-0.750
2011-04-15,-0.808
2011-04-22,-0.863
2011-04-29,-0.895
2011-05-06,-0.855
2011-05-13,-0.860
2011-05-20,-0.877
2011-05-27,-0.897
2011-06-03,-0.881
2011-06-10,-0.840
2011-06-17,-0.770
2011-06-24,-0.764
2011-07-01,-0.760
2011-07-08,-0.788
2011-07-15,-0.749
2011-07-22,-0.784
2011-07-29,-0.783
2011-08-05,-0.689
2011-08-12,-0.314
2011-08-19,-0.420
2011-08-26,-0.284
2011-09-02,-0.389
2011-09-09,-0.344
2011-09-16,-0.342
2011-09-23,-0.294
2011-09-30,-0.158
2011-10-07,-0.078
2011-10-14,-0.209
2011-10-21,-0.256
2011-10-28,-0.383
2011-11-04,-0.356
2011-11-11,-0.346
2011-11-18,-0.277
2011-11-25,-0.243
2011-12-02,-0.303
2011-12-09,-0.356
2011-12-16,-0.407
2011-12-23,-0.445
2011-12-30,-0.453
2012-01-06,-0.495
2012-01-13,-0.548
2012-01-20,-0.625
2012-01-27,-0.657
2012-02-03,-0.763
2012-02-10,-0.776
2012-02-17,-0.797
2012-02-24,-0.840
2012-03-02,-0.877
2012-03-09,-0.851
2012-03-16,-0.869
2012-03-23,-0.824
2012-03-30,-0.887
2012-04-06,-0.849
2012-04-13,-0.838
2012-04-20,-0.890
2012-04-27,-0.939
2012-05-04,-0.972
2012-05-11,-0.979
2012-05-18,-0.858
2012-05-25,-0.819
2012-06-01,-0.774
2012-06-08,-0.718
2012-06-15,-0.722
2012-06-22,-0.851
2012-06-29,-0.903
2012-07-06,-0.933
2012-07-13,-0.981
2012-07-20,-1.040
2012-07-27,-1.035
2012-08-03,-1.044
2012-08-10,-1.070
2012-08-17,-1.059
2012-08-24,-1.097
2012-08-31,-1.106
2012-09-07,-1.129
2012-09-14,-1.184
2012-09-21,-1.280
2012-09-28,-1.260
2012-10-05,-1.275
2012-10-12,-1.278
2012-10-19,-1.303
2012-10-26,-1.251
2012-11-02,-1.243
2012-11-09,-1.263
2012-11-16,-1.280
2012-11-23,-1.321
2012-11-30,-1.341
2012-12-07,-1.364
2012-12-14,-1.365
2012-12-21,-1.321
2012-12-28,-1.295
2013-01-04,-1.336
2013-01-11,-1.380
2013-01-18,-1.431
2013-01-25,-1.430
2013-02-01,-1.352
2013-02-08,-1.362
2013-02-15,-1.396
2013-02-22,-1.410
2013-03-01,-1.399
2013-03-08,-1.430
2013-03-15,-1.461
2013-03-22,-1.417
2013-03-29,-1.448
2013-04-05,-1.432
2013-04-12,-1.494
2013-04-19,-1.456
2013-04-26,-1.510
2013-05-03,-1.534
2013-05-10,-1.529
2013-05-17,-1.460
2013-05-24,-1.409
2013-05-31,-1.279
2013-06-07,-1.174
2013-06-14,-1.116
2013-06-21,-1.039
2013-06-28,-0.890
2013-07-05,-0.905
2013-07-12,-0.979
2013-07-19,-1.137
2013-07-26,-1.183
2013-08-02,-1.137
2013-08-09,-1.170
2013-08-16,-1.098
2013-08-23,-0.961
2013-08-30,-0.973
2013-09-06,-0.892
2013-09-13,-0.970
2013-09-20,-1.088
2013-09-27,-1.145
2013-10-04,-1.078
2013-10-11,-1.085
2013-10-18,-1.197
2013-10-25,-1.291
2013-11-01,-1.295
2013-11-08,-1.255
2013-11-15,-1.269
2013-11-22,-1.286
2013-11-29,-1.281
2013-12-06,-1.206
2013-12-13,-1.223
2013-12-20,-1.248
2013-12-27,-1.285
2014-01-03,-1.245
2014-01-10,-1.280
2014-01-17,-1.349
2014-01-24,-1.318
2014-01-31,-1.254
2014-02-07,-1.236
2014-02-14,-1.318
2014-02-21,-1.336
2014-02-28,-1.381
2014-03-07,-1.364
2014-03-14,-1.355
2014-03-21,-1.347
2014-03-28,-1.376
2014-04-04,-1.361
2014-04-11,-1.396
2014-04-18,-1.404
2014-04-25,-1.436
2014-05-02,-1.442
2014-05-09,-1.454
2014-05-16,-1.477
2014-05-23,-1.484
2014-05-30,-1.526
2014-06-06,-1.488
2014-06-13,-1.515
2014-06-20,-1.524
2014-06-27,-1.553
2014-07-04,-1.528
2014-07-11,-1.522
2014-07-18,-1.508
2014-07-25,-1.516
2014-08-01,-1.451
2014-08-08,-1.389
2014-08-15,-1.448
2014-08-22,-1.472
2014-08-29,-1.502
2014-09-05,-1.452
2014-09-12,-1.390
2014-09-19,-1.357
2014-09-26,-1.327
2014-10-03,-1.295
2014-10-10,-1.286
2014-10-17,-1.102
2014-10-24,-1.256
2014-10-31,-1.315
2014-11-07,-1.334
2014-11-14,-1.339
2014-11-21,-1.301
2014-11-28,-1.348
2014-12-05,-1.295
2014-12-12,-1.178
2014-12-19,-1.104
2014-12-26,-1.220
2015-01-02,-1.195
2015-01-09,-1.123
2015-01-16,-1.101
2015-01-23,-1.134
2015-01-30,-1.158
2015-02-06,-1.165
2015-02-13,-1.155
2015-02-20,-1.163
2015-02-27,-1.238
2015-03-06,-1.227
2015-03-13,-1.190
2015-03-20,-1.219
2015-03-27,-1.244
2015-04-03,-1.250
2015-04-10,-1.311
2015-04-17,-1.350
2015-04-24,-1.366
2015-05-01,-1.329
2015-05-08,-1.217
2015-05-15,-1.211
2015-05-22,-1.206
2015-05-29,-1.219
2015-06-05,-1.146
2015-06-12,-1.111
2015-06-19,-1.123
2015-06-26,-1.140
2015-07-03,-1.024
2015-07-10,-1.029
2015-07-17,-1.124
2015-07-24,-1.148
2015-07-31,-1.138
2015-08-07,-1.106
2015-08-14,-1.091
2015-08-21,-0.958
2015-08-28,-0.692
2015-09-04,-0.755
2015-09-11,-0.827
2015-09-18,-0.856
2015-09-25,-0.836
2015-10-02,-0.727
2015-10-09,-0.848
2015-10-16,-0.921
2015-10-23,-0.971
2015-10-30,-0.996
2015-11-06,-0.974
2015-11-13,-0.938
2015-11-20,-0.915
2015-11-27,-0.941
2015-12-04,-0.913
2015-12-11,-0.788
2015-12-18,-0.665
2015-12-25,-0.694
2016-01-01,-0.696
2016-01-08,-0.594
2016-01-15,-0.534
2016-01-22,-0.473
2016-01-29,-0.599
2016-02-05,-0.591
2016-02-12,-0.401
2016-02-19,-0.505
2016-02-26,-0.598
2016-03-04,-0.698
2016-03-11,-0.729
2016-03-18,-0.830
2016-03-25,-0.889
2016-04-01,-0.860
2016-04-08,-0.867
2016-04-15,-0.911
2016-04-22,-0.959
2016-04-29,-0.976
2016-05-06,-0.950
2016-05-13,-1.013
2016-05-20,-0.998
2016-05-27,-1.024
2016-06-03,-1.028
2016-06-10,-1.048
2016-06-17,-0.908
2016-06-24,-0.943
2016-07-01,-0.968
2016-07-08,-1.070
2016-07-15,-1.155
2016-07-22,-1.161
2016-07-29,-1.136
2016-08-05,-1.079
2016-08-12,-1.100
2016-08-19,-1.144
2016-08-26,-1.114
2016-09-02,-1.118
2016-09-09,-1.124
2016-09-16,-0.998
2016-09-23,-1.032
2016-09-30,-1.134
2016-10-07,-1.147
2016-10-14,-1.102
2016-10-21,-1.150
2016-10-28,-1.151
2016-11-04,-1.007
2016-11-11,-1.066
2016-11-18,-1.014
2016-11-25,-1.070
2016-12-02,-1.044
2016-12-09,-1.120
2016-12-16,-1.047
2016-12-23,-1.074
2016-12-30,-1.086
2017-01-06,-1.117
2017-01-13,-1.149
2017-01-20,-1.128
2017-01-27,-1.143
2017-02-03,-1.147
2017-02-10,-1.204
2017-02-17,-1.205
2017-02-24,-1.222
2017-03-03,-1.273
2017-03-10,-1.297
2017-03-17,-1.260
2017-03-24,-1.254
2017-03-31,-1.300
2017-04-07,-1.307
2017-04-14,-1.251
2017-04-21,-1.263
2017-04-28,-1.367
2017-05-05,-1.392
2017-05-12,-1.436
2017-05-19,-1.420
2017-05-26,-1.489
2017-06-02,-1.524
2017-06-09,-1.535
2017-06-16,-1.514
2017-06-23,-1.457
2017-06-30,-1.458
2017-07-07,-1.428
2017-07-14,-1.459
2017-07-21,-1.548
2017-07-28,-1.561
2017-08-04,-1.538
2017-08-11,-1.466
2017-08-18,-1.441
2017-08-25,-1.437
2017-09-01,-1.469
2017-09-08,-1.475
2017-09-15,-1.498
2017-09-22,-1.512
2017-09-29,-1.519
2017-10-06,-1.509
2017-10-13,-1.526
2017-10-20,-1.539
2017-10-27,-1.504
2017-11-03,-1.576
2017-11-10,-1.585
2017-11-17,-1.533
2017-11-24,-1.580
2017-12-01,-1.558
2017-12-08,-1.531
2017-12-15,-1.515
2017-12-22,-1.450
2017-12-29,-1.473
2018-01-05,-1.482
2018-01-12,-1.486
2018-01-19,-1.458
2018-01-26,-1.427
2018-02-02,-1.350
2018-02-09,-1.062
2018-02-16,-1.145
2018-02-23,-1.174
